{"variant": "bert_0", "avg_test_loss": 3.530451421601785, "accuracy_top1": 0.3793224758396623, "accuracy_top5": 0.6523394656788692, "accuracy_top10": 0.7437452144941332}