{"variant": "bert_0_500", "avg_test_loss": 4.418341871645392, "accuracy_top1": 0.3240948305142314, "accuracy_top5": 0.5727871747843217, "accuracy_top10": 0.665783574485429}