{"variant": "bert_user_time", "avg_test_loss": 3.528622884948019, "accuracy_top1": 0.3622752641225776, "accuracy_top5": 0.6580719566694813, "accuracy_top10": 0.7489754309368372}