{"variant": "bert_0_100", "avg_test_loss": 2.649209546095286, "accuracy_top1": 0.43585840225393074, "accuracy_top5": 0.7367081704989549, "accuracy_top10": 0.815913841679542}