{"variant": "bert_0_1000", "avg_test_loss": 5.215504452828585, "accuracy_top1": 0.3002985606702019, "accuracy_top5": 0.5384638236561057, "accuracy_top10": 0.6154063247330036}