{"variant": "bert_time", "avg_test_loss": 3.0470837875969052, "accuracy_top1": 0.40187667560321716, "accuracy_top5": 0.690864095689833, "accuracy_top10": 0.7793153227469581}