{"variant": "bert_0_50", "avg_test_loss": 2.287303576582954, "accuracy_top1": 0.47566235366605053, "accuracy_top5": 0.7710002053809817, "accuracy_top10": 0.8479153830355309}