{"variant": "bert_user", "avg_test_loss": 3.505864591981463, "accuracy_top1": 0.37789458435941475, "accuracy_top5": 0.6555056598307224, "accuracy_top10": 0.7496223330505143}