{"train_loss_list": [6.5891710209590135, 5.960923059525029, 5.6685634008017916, 5.438623264271726, 5.201844532259049, 5.068405759462746, 4.913946693687029, 4.592891890002835, 4.202621223593271, 3.7994153771349177, 3.4122207523674093, 3.097557008907359, 2.823096492726316, 2.595279981243995, 2.458279743245853, 2.3664922098959646, 2.3777089236884987, 2.3587010975806946, 2.3553810709266254, 2.3460726709776027, 2.3307921419861497, 2.3133660113939674, 2.2702731173525574, 2.21638708114624, 2.176837714256779, 2.1137163728796025, 2.0330276699476344, 1.9995762894230504, 1.9230257554720807, 1.8671138114826653, 1.782722028352881, 1.7570251008515716, 1.741297927466772, 1.6874918001954273, 1.6730658685007402, 1.606759233756732, 1.613505067107498, 1.6037949049344626, 1.6064340401721258, 1.5852599868210413, 1.587998762310192, 1.5456182674695087, 1.5717200666345577, 1.562023982950436, 1.6186534748282484, 1.593192276647014, 1.6338532622142505, 1.6131814941283196, 1.5722453189152543, 1.6536455073664265, 1.5950088215130631, 1.6331628827638525, 1.6838411936195947, 1.6924594570231695, 1.6631487791256239, 1.6759831565682606, 1.6714378090314967, 1.6348306928911516, 1.6369758147065359, 1.6469035160156988, 1.633635837160131, 1.6393145324081504, 1.6519252919381664, 1.6697779692629333, 1.6707416169105038, 1.7040355588800165, 1.7254784962182403, 1.7419516876179686, 1.7210939421448657, 1.7097195616332435, 1.6780682175390182, 1.7376186159349256, 1.7775830612387709, 1.749937597397835, 1.69787607372448, 1.6703460780523156, 1.8078180832247581, 1.7293741426160258, 1.7200752155755157, 1.7421004845250037, 1.7789331750203203, 1.8489638287533996, 1.8440498595596642, 1.8159510772715333, 1.8217076125965324, 1.74922388984311, 1.7804988263755717, 1.7567727902884125, 1.7514451563999216, 1.7793756688794782, 1.766132298208052, 1.8110307421735539, 1.814014777316842, 1.7180598922955093, 1.718228692264967, 1.7968682926188233, 1.8453534269845613, 1.7015232111818046, 1.728808819863104, 1.7490123110432778], "train_accuracy_list": [0.0010177437216043472, 0.0033255780581384897, 0.007178067229688168, 0.012554597109556198, 0.020490122959017754, 0.03571613132953644, 0.05394052714109421, 0.0775497779250145, 0.10485899448394775, 0.13456884026527405, 0.14680977165699005, 0.15968802571296692, 0.16696426272392273, 0.17859719693660736, 0.18701159954071045, 0.1867271512746811, 0.18937814235687256, 0.1887618899345398, 0.19271816313266754, 0.2033565491437912, 0.20747628808021545, 0.21098987758159637, 0.23059219121932983, 0.25053271651268005, 0.2749847173690796, 0.30147165060043335, 0.3264961242675781, 0.34382733702659607, 0.37010735273361206, 0.39473265409469604, 0.4226822257041931, 0.44398391246795654, 0.4557853639125824, 0.48000454902648926, 0.4822427034378052, 0.5018441677093506, 0.5158463716506958, 0.5147343277931213, 0.525324821472168, 0.530491828918457, 0.5375198721885681, 0.5607044696807861, 0.5444083213806152, 0.5578941702842712, 0.5487066507339478, 0.5654553771018982, 0.5567728877067566, 0.5645723342895508, 0.568235456943512, 0.5590605139732361, 0.571259617805481, 0.5559978485107422, 0.5601536631584167, 0.5567955374717712, 0.5529884099960327, 0.5541434288024902, 0.5622062683105469, 0.5661223530769348, 0.5664250254631042, 0.5721416473388672, 0.5729304552078247, 0.570332407951355, 0.569014310836792, 0.5618554949760437, 0.5668408870697021, 0.5621047019958496, 0.5561494827270508, 0.565220832824707, 0.5578052401542664, 0.5667348504066467, 0.5780270099639893, 0.5577378273010254, 0.5563694834709167, 0.5567866563796997, 0.5670123100280762, 0.5691195130348206, 0.5443567633628845, 0.5544837713241577, 0.5685800313949585, 0.5602220892906189, 0.5481334328651428, 0.534024715423584, 0.5368477702140808, 0.5358589887619019, 0.5440846681594849, 0.5510191917419434, 0.5565186142921448, 0.557781994342804, 0.553566038608551, 0.5491475462913513, 0.5566750764846802, 0.5484471917152405, 0.5534753203392029, 0.5680639147758484, 0.5578429102897644, 0.5445415377616882, 0.5421158075332642, 0.5676696300506592, 0.5592247247695923, 0.5538156628608704], "validation_loss_list": [6.648534818129106, 6.520307415663594, 6.338214272200459, 6.264397389961012, 5.966416445645419, 5.464666046277441, 4.932840479744805, 4.417043779835557, 3.907116899586687, 3.4624439441796504, 3.051816383997599, 2.75284901291433, 2.565717687510481, 2.4020594201906764, 2.3498734512714425, 2.3958154049786655, 2.430404545080782, 2.3957130716304587, 2.4245485970468232, 2.4194047679804793, 2.4345161276634295, 2.363964469745906, 2.35570753463591, 2.29198848237895, 2.142180627042597, 2.124837692337807, 2.0028338107195767, 1.9774456830939862, 1.8184182463270244, 1.744999439427347, 1.7248700953493215, 1.6773903827474574, 1.615801286215734, 1.5341324186084246, 1.5249707144920273, 1.4924307923124294, 1.4894131265505395, 1.5318483126283897, 1.437737201199387, 1.45688350092281, 1.3906776387282092, 1.3907757094412139, 1.4703310414998219, 1.4231396973735155, 1.3747585957700557, 1.4108669342416706, 1.4285649663270121, 1.3871424143964595, 1.4438184222789725, 1.4005976337375063, 1.416815146051272, 1.5084876851602034, 1.4429744187027518, 1.4300997419790789, 1.4776284616402906, 1.476328533707243, 1.4353171466576933, 1.3769714573417047, 1.4118816659908102, 1.4001398351457384, 1.4313372500015027, 1.4470735330774327, 1.5302091084345422, 1.4699106487360867, 1.4677809380521678, 1.5006150904327933, 1.529036775381878, 1.5079520910677284, 1.566114154728976, 1.495858892647907, 1.5114768484626153, 1.5871473322011003, 1.5714476523977337, 1.542750201442025, 1.6349285269024396, 1.6928858269344678, 1.6046924627188481, 1.6011196892670911, 1.5941874017619124, 1.6613889101779822, 1.7301684304921314, 1.7415840836486431, 1.6861117175131133, 1.6092655321564338, 1.6217630433313774, 1.61778501428739, 1.6309577419300272, 1.6304237854601158, 1.7500756756223814, 1.695010320104734, 1.6530957486894395, 1.6849791196861652, 1.7012354906159217, 1.6386815917612327, 1.8121777044402227, 1.810836004488396, 1.6960110778760429, 1.6824129663332543, 1.8012483041695875, 1.7285178502400715],