{"train_loss_list": [6.7310397754868365, 5.817508291575749, 5.58237565253839, 5.355679289301462, 5.187842801534629, 4.980489254539048, 4.885822703835642, 4.745633648960057, 4.632417515647533, 4.5181451157733346, 4.383553997434836, 4.2839534827989025, 4.154001063575269, 4.071754559756137, 4.001987390160966, 3.931432133635652, 3.801897377350815, 3.790789373075245, 3.7300655871595887, 3.6319708476407575, 3.6157862688842886, 3.5877448911699346, 3.5618207882265227, 3.534711225721541, 3.5261234603864517, 3.492692188967641, 3.454165896682003, 3.44401329600175, 3.4247751222430782, 3.433836472968103, 3.395894678172134, 3.3634603725794903, 3.298558286722077, 3.3330711609388994, 3.3227134684563766, 3.3354264244048197, 3.2809797156682485, 3.2971243055941164, 3.248421615287746, 3.262444355836927, 3.2553470253809085, 3.222252920658986, 3.240595394717984, 3.2051021005116853, NaN, 3.1889692134267222, 3.2147390203768222, 3.188417955979316, 3.134299109931972, 3.132586721664931, 3.1294139984923244, 3.114333550011259, 3.0957072481394627, 3.1309979233920373, 3.1043710314862167, 3.066737572261884, 3.0906461828412586, 3.0744234868129725, 3.041639475492289, 3.0323738313695494, 3.059170683619654, 3.0702390141032474, 3.016606060722494, 3.0240525020779057, 3.0676694108462903, 3.0258354359939608, 3.0337814955753313, 2.979670091803851, 3.0141662493195898, 2.990341944875836, 2.9809015969006887, 2.9914347915048634, 2.9633342823294857, 2.968360699535634, 2.953822738060751, 2.9866073154564208, 2.945091828382516, 2.938833760213906, 2.9678634698761712, 2.9183209727895654, 2.9313062205487834, 2.9219828660723572, 2.9424973123798845, 2.9435396387953223, 2.9169153351924475, 2.8808122246814776, 2.903933530836181, 2.9067723120517277, 2.8863745247194634, 2.8567273971306477, 2.8931753498065484, 2.878105883565853, 2.906429280555478, 2.857668729699835, 2.8415630428663854, 2.874593711772111, 2.8296479432590975, 2.869286670858013, 2.847180068966479, 2.837833459274452], "train_accuracy_list": [0.050981249660253525, 0.0590674914419651, 0.07677743583917618, 0.09369008988142014, 0.11213745921850204, 0.13526242971420288, 0.1448846310377121, 0.16095907986164093, 0.1753237396478653, 0.19746792316436768, 0.20954032242298126, 0.23084235191345215, 0.25828367471694946, 0.2714630961418152, 0.2930891513824463, 0.2985793352127075, 0.31831666827201843, 0.33119311928749084, 0.3262876868247986, 0.35097041726112366, 0.3472541570663452, 0.35155051946640015, 0.35022273659706116, 0.3527495265007019, 0.35284656286239624, 0.3560478687286377, 0.3562273681163788, 0.3594023585319519, 0.369770884513855, 0.36066991090774536, 0.3609403669834137, 0.3609038293361664, 0.3719470202922821, 0.365181028842926, 0.36472466588020325, 0.36467909812927246, 0.3695061504840851, 0.3664938807487488, 0.3714905381202698, 0.37153056263923645, 0.37145668268203735, 0.37282395362854004, 0.37360820174217224, 0.37733712792396545, 0.3800819516181946, 0.3739047050476074, 0.3710692226886749, 0.37381109595298767, 0.36936283111572266, 0.37864136695861816, 0.3754948079586029, 0.384107381105423, 0.38801664113998413, 0.3777041435241699, 0.3808538615703583, 0.39063307642936707, 0.376240611076355, 0.3803062438964844, 0.38360321521759033, 0.38494932651519775, 0.37969502806663513, 0.37984374165534973, 0.39166635274887085, 0.3866148591041565, 0.38246867060661316, 0.38063764572143555, 0.3782200515270233, 0.38790789246559143, 0.3846531808376312, 0.3875477910041809, 0.385185182094574, 0.3804338276386261, 0.3938085734844208, 0.3856631815433502, 0.38763177394866943, 0.38488078117370605, 0.38640719652175903, 0.3836178779602051, 0.3840210437774658, 0.3888888359069824, 0.3940044939517975, 0.3905249536037445, 0.3836352825164795, 0.3884854018688202, 0.3827582597732544, 0.3958123028278351, 0.39121317863464355, 0.387713223695755, 0.39033544063568115, 0.3931143581867218, 0.3933768570423126, 0.3926478326320648, 0.38442009687423706, 0.390072226524353, 0.3905680775642395, 0.3947797119617462, 0.39525723457336426, 0.39031022787094116, 0.3929641544818878, 0.3945365250110626], "validation_loss_list": [6.126561599619248, 6.028567947805884, 6.0047247027330855, 5.869096545612111, 5.880595250563188, 5.73944090904399, 5.551051095207745, 5.550438441057256, 5.433667464689775, 5.192511963971796, 5.250076123099913, 5.108589306234676, 5.099669471781522, 5.091092874659574, 5.015279089065796, 4.865409485796556, 4.739634618402165, 4.723237269702442, 4.461000585301037, 4.588922740303897, 4.706410260124002, 4.543329251641258, 4.478510934401323, 4.401915718527401, 4.599576803452191, 4.352788496782435, 4.299141686867903, 4.2628586547259975, 4.127167947789564, 4.3278680721068765, 4.2115052033235685, 4.353235673776922, 4.154007037055684, 4.399516969441093, 4.138027381769476, 4.136653193815507, 4.1338154593891, 4.208129180943902, 4.071390005356488, 4.094457429998061, 4.030207018163752, 4.121172393069548, 4.124901134700061, 3.928316524959503, 3.992747126416089, 4.028084373729114, 3.9501271388109993, 4.007511155490569, 3.89682883311083, 4.006313093843307, 3.92079244705445, 3.97652840869312, 3.85722539322899, 3.8469874871605856, 3.8212329844102504, 3.9016434100859945, 3.830452641063833, 3.82303828606631, 3.8668406640782074, 3.6515461416805493, 3.660779375443484, 3.8682942396816724, 3.6506950185898153, 3.8366414710162156, 3.6265882043277515, 3.69880915516838, 3.686747696947924, 3.613807812094051, 3.6655251284971593, 3.594349798671702, 3.619570622469652, 3.7026312223730242, 3.62213637675831, 3.5903404625979336, 3.4687226838606566, 3.594699159662991, 3.7109471310906232, 3.5880366946286695, 3.5982928601178257, 3.5965036912397905, 3.491866836573351, 3.4550182589872636, 3.587382553095486, 3.489395848570023, 3.567327397392395, 3.542436820300505, 3.4945322810647323, 3.4960833277931824, 3.478701508618931, 3.476130519958741, 3.5238334985977824, 3.554037261136713, 3.5343727683001025, 3.5860899457319535, 3.430763215942179, 3.417871605903707, 3.4295446770713927, 3.4553247320460763, 3.3908281135049094, 3.4508063111075744],