{"train_loss_list": [6.6469849483941195, 6.055078360854939, 5.700656316613638, 5.788900555846512, 5.914164613908337, 5.703232398084415, 5.5578822320507415, 5.299937774289039, 4.911206434106314, 4.482276539136005, 4.029242876011838, 3.5547783887514504, 3.142619656491023, 2.8027334013292866, 2.5264468111017697, 2.364052104949951, 2.30396287210526, 2.2658377526908793, 2.2759426788617207, 2.2914587079837756, 2.3047617214982226, 2.293583022394488, 2.300610803532344, 2.2904416125307803, 2.33911738780237, 2.3234680634672924, 2.33939944723601, 2.340100014337929, 2.3363436411785825, 2.363701637842322, 2.360280551192581, 2.3953125346091486, 2.387053160000873, 2.4302390254953856, 2.4249549914431827, 2.4403907527205764, 2.444310935851066, 2.460076584867252, 2.458022178629393, 2.4672507429635653], "train_accuracy_list": [0.00011062830890296027, 0.0014624593313783407, 0.0015969116939231753, 0.003704177448526025, 0.004844451788812876, 0.008245162665843964, 0.011640169657766819, 0.0215875543653965, 0.03822944685816765, 0.07369184494018555, 0.10427629202604294, 0.13381710648536682, 0.14849263429641724, 0.14954787492752075, 0.15264767408370972, 0.1511673778295517, 0.1574607938528061, 0.1600804626941681, 0.15952859818935394, 0.160525843501091, 0.1610400229692459, 0.1637556403875351, 0.16400951147079468, 0.16528812050819397, 0.16282981634140015, 0.16654476523399353, 0.16069401800632477, 0.16488958895206451, 0.16524645686149597, 0.1652175933122635, 0.165566086769104, 0.16691383719444275, 0.1637355238199234, 0.16529817879199982, 0.16050522029399872, 0.1597655862569809, 0.15886609256267548, 0.16032153367996216, 0.1617131531238556, 0.15645922720432281], "validation_loss_list": [6.728880858180498, 6.868346980123809, 7.092081835775664, 6.832516535364016, 6.275828669769595, 6.292882678484676, 6.552933013800419, 5.369415943068687, 4.82545714908176, 3.886809397225428, 3.4015162737682614, 2.9986878765953913, 2.739915197545832, 2.4461144220949422, 2.314792690855084, 2.2707090161063452, 2.240950179822517, 2.2836538589361943, 2.3419577051894835, 2.3534041968258945, 2.4029645197319263, 2.39767662202469, 2.394251804159145, 2.513310750325521, 2.422165567224676, 2.4721153938409053, 2.4639805820253162, 2.4680996326485065, 2.486609627502133, 2.505564545140122, 2.5182119041982323, 2.504102833343275, 2.575197260789197, 2.59424913531602, 2.6846788796511563, 2.6697617612703883, 2.657028475193062, 2.675983255559748, 2.653799472433148, 2.658768978985873], "val_accuracy_list": [0.003161743050441146, 0.0032769429963082075, 0.002309811534360051, 0.004099604208022356, 0.009438861161470413, 0.008093759417533875, 0.006464208476245403, 0.03185306861996651, 0.06191549077630043, 0.11822772026062012, 0.12830577790737152, 0.14075791835784912, 0.14969001710414886, 0.15215349197387695, 0.15058749914169312, 0.14786158502101898, 0.16697432100772858, 0.15569378435611725, 0.15313319861888885, 0.15477576851844788, 0.16064944863319397, 0.15651167929172516, 0.15766826272010803, 0.1506069451570511, 0.16658885776996613, 0.156622976064682, 0.155691459774971, 0.15764722228050232, 0.15650233626365662, 0.16144011914730072, 0.15925496816635132, 0.17151576280593872, 0.15910713374614716, 0.16109271347522736, 0.15140922367572784, 0.148469015955925, 0.15831363201141357, 0.16444087028503418, 0.1549384891986847, 0.15067262947559357], "baseline_loss_list": [6.52219820022583, 6.512753486633301, 6.517612457275391, 6.512861251831055, 6.512139797210693, 6.506968021392822, 6.519611358642578, 6.513699054718018, 6.5150299072265625, 6.516092777252197, 6.520750522613525, 6.516944885253906, 6.511231899261475, 6.515589237213135, 6.5139994621276855, 6.511131286621094, 6.513674736022949, 6.515031337738037, 6.513556480407715, 6.517969608306885, 6.51292085647583, 6.518949031829834, 6.518043041229248, 6.518906116485596, 6.510931968688965, 6.516881942749023, 6.519035339355469, 6.514743328094482, 6.511847496032715, 6.5223164558410645, 6.5166473388671875, 6.518091678619385, 6.512012958526611, 6.521608829498291, 6.514237403869629, 6.5147552490234375, 6.514886379241943, 6.5169758796691895, 6.522434234619141, 6.516047954559326], "val_baseline_accuracy_list": [0.1354524791240692, 0.14489609003067017, 0.14003948867321014, 0.14479060471057892, 0.14551226794719696, 0.15068276226520538, 0.1380390077829361, 0.1439523696899414, 0.14262157678604126, 0.14155785739421844, 0.13690117001533508, 0.1407063603401184, 0.14642052352428436, 0.14206218719482422, 0.14365071058273315, 0.14652001857757568, 0.14397595822811127, 0.14261947572231293, 0.1440921425819397, 0.13968294858932495, 0.1447310447692871, 0.13870184123516083, 0.13960905373096466, 0.1387443095445633, 0.14671969413757324, 0.1407693773508072, 0.1386164277791977, 0.142907053232193, 0.14580413699150085, 0.13533441722393036, 0.14100264012813568, 0.1395590603351593, 0.14563636481761932, 0.13604235649108887, 0.14341546595096588, 0.14289656281471252, 0.14276348054409027, 0.14067572355270386, 0.13521647453308105, 0.14160296320915222]}