{"train_loss_list": [6.838822748056904, 5.872185515062841, 5.601362575233252, 5.331199700476358, 5.158053534467835, 4.882066274660206, 4.773920824894538, 4.667349933229421, 4.47283105235294, 4.361771834921513, 4.220588142380995, 4.1478026459389685, 4.028446741638141, 3.9442202803506032, 3.8548495706120227, 3.8018858904752255, 3.741651767654117, 3.7029936319697496, 3.6268293968153213, 3.5814309837591596, 3.58936434471769, 3.480836529267859, 3.5203741943944094, 3.4530312909799465, 3.4357152573123777, 3.461683423945267, 3.422449930356099, 3.3507944168817945, 3.3842655501214627, 3.3237168937247263, 3.3165220665446236, 3.313161359922918, 3.3306870049211232, 3.291045318901269, 3.266374523283669, 3.2452252423601453, 3.2627782001754277, 3.24178958795459, 3.239915053364378, 3.1955412190694075, 3.2307242629754596, 3.1733952629721274, 3.205149479446368, 3.1514786454212613, 3.178736255314555, 3.1883542169542873, 3.1424317371386747, 3.127084100408252, 3.1548247008302095, 3.1335322348173387, 3.0932181311004303, 3.1173601221310068, 3.134699285030365, 3.0647297708224928, 3.083125017212527, 3.050835911943093, 3.093615070457372, 3.069180359263226, 3.0685188888964072, 3.0716546744243054, 3.0471486215778874, 3.0202625069042406, 3.022285365073929, 3.0338454862795263, 3.0219374455140726, 2.99928810086725, 3.0060482549215606, 3.011369022308971, 3.0533026533698604, 3.006989378600099, 2.987234807122347, 3.0147264426515115, 2.9909581304380324, 3.030337103823731, 2.9849909648501494, 2.9490898700591126, 2.979637406193293, 2.976789808111493, 2.971219617603726, 2.9663364581123197, 2.9866963884544586, 2.932207347445898, 2.9226518075795194, 2.921647953973636, 2.949220668945917, 2.946034770273515, 2.927531386122984, 2.9195247081306457, 2.9140189921154693, 2.901585099080839, 2.9380124103429632, 2.9246045963931406, 2.9286034953405413, 2.89320277372097, 2.8959135667492566, 2.885780806994546, 2.9015322576416023, 2.9081292121388795, 2.894825281566894, 2.8554966839460225], "train_accuracy_list": [0.05278452858328819, 0.0627237856388092, 0.07100746035575867, 0.10362012684345245, 0.13235369324684143, 0.16837909817695618, 0.18425995111465454, 0.19714553654193878, 0.21582457423210144, 0.23121948540210724, 0.25879019498825073, 0.2782658636569977, 0.2988837659358978, 0.3086074888706207, 0.3278878927230835, 0.325556218624115, 0.33589738607406616, 0.33791548013687134, 0.3482060730457306, 0.35066482424736023, 0.3467504382133484, 0.35718491673469543, 0.35734403133392334, 0.3577004075050354, 0.3650135397911072, 0.3530645966529846, 0.3579200208187103, 0.3718756139278412, 0.36653488874435425, 0.36660540103912354, 0.36492976546287537, 0.3701143264770508, 0.3635203540325165, 0.3697270154953003, 0.3770255744457245, 0.37234607338905334, 0.3684093654155731, 0.36970534920692444, 0.37113335728645325, 0.37931933999061584, 0.36944881081581116, 0.3770018219947815, 0.3711857795715332, 0.38152995705604553, 0.37763500213623047, 0.37237074971199036, 0.37665846943855286, 0.37984612584114075, 0.37084293365478516, 0.3747827112674713, 0.38204577565193176, 0.38071224093437195, 0.3714442551136017, 0.38676896691322327, 0.38180413842201233, 0.3844946026802063, 0.37685784697532654, 0.37971699237823486, 0.3853952884674072, 0.379673033952713, 0.3806767463684082, 0.3909570276737213, 0.3857661485671997, 0.38520774245262146, 0.38154828548431396, 0.38936418294906616, 0.3869502544403076, 0.38619598746299744, 0.3814120888710022, 0.39099374413490295, 0.38651734590530396, 0.3834735155105591, 0.38951292634010315, 0.3834748864173889, 0.39024457335472107, 0.3897855281829834, 0.3898003399372101, 0.3874792158603668, 0.3893207311630249, 0.38624900579452515, 0.38396796584129333, 0.39118286967277527, 0.3871629238128662, 0.39383891224861145, 0.38985925912857056, 0.387579083442688, 0.39900484681129456, 0.38855549693107605, 0.39037755131721497, 0.3939771056175232, 0.392024964094162, 0.3926737606525421, 0.39167168736457825, 0.40049487352371216, 0.39282482862472534, 0.3971504867076874, 0.38997870683670044, 0.3860241174697876, 0.39336979389190674, 0.3968086540699005], "validation_loss_list": [6.082220104432875, 5.925722660556916, 5.865987206018099, 5.80269899804105, 5.583223054485936, 5.52171314531757, 5.440808692286091, 5.3400895877551005, 5.128105441729228, 5.177718634246498, 5.120690957192452, 4.966165240092944, 4.923402395299686, 4.66003482828858, 4.6822111382279346, 4.606791632149809, 4.551070634395845, 4.361799733613127, 4.3794014774343015, 4.4410060541604155, 4.348823157048995, 4.308346578510859, 4.169406821650844, 4.032435625471095, 4.195604474954708, 4.112885455931386, 4.156363697462185, 4.034320890903473, 3.967841661104592, 3.9881955199344183, 4.087220009296171, 4.076073688204571, 3.897960196900111, 3.9085654129264173, 3.8229112240575973, 3.8863514533606907, 3.8621416322646605, 3.859873733853781, 3.832382280980387, 3.8125598462679053, 3.826882199574542, 3.7429683766057416, 3.678043173846378, 3.882156700857224, 3.7760213043100093, 3.8498603387545516, 3.7274026761772814, 3.63273173891088, 3.753485446335167, 3.6378784250187617, 3.653195487555637, 3.731726981619353, 3.5884643485469203, 3.689151511397413, 3.714820343320088, 3.6612276108034196, 3.578566819749853, 3.5756372206954548, 3.611806357419619, 3.5738231488453445, 3.6163982204211655, 3.7235031198429804, 3.5208388509288913, 3.6433891577105366, 3.6304435274934255, 3.6293605014842045, 3.615826154267916, 3.547219209773566, 3.562824454999739, 3.5652237585795823, 3.5128473568988103, 3.451749386325959, 3.5891050779691307, 3.5914462932976345, 3.49488288933231, 3.519042860436183, 3.5202676961498875, 3.483204412203963, 3.5223713260824963, 3.525667050192433, 3.4899300407337885, 3.577942343168361, 3.6208717342345946, 3.5160713612392382, 3.518473675815008, 3.517546178833131, 3.5015402820802506, 3.4164977958125453, 3.3849663407571855, 3.56897670607413, 3.5476773535051653, 3.6164337896531626, 3.5678618582346107, 3.47288409356148, 3.410927373234944, 3.5621495964706584, 3.6446590955539415, 3.5137163548059362, 3.567389395929152, 3.5061491823965505],