{"train_loss_list": [6.56381117989277, 5.733550918513331, 5.4191576746003385, 5.139614346726187, 4.720914981488524, 4.410150451392963, 4.2092215680870515, 3.7925130848226876, 3.40348208926875, 2.9914740894375176, 2.5401506989166656, 2.225827626627067, 1.9885884184261848, 1.6979802676059048, 1.3787958056762302, 1.0242239052494024, 0.7611419246692596, 0.5169622100696996, 0.35823065308243807, 0.25086799373143703, 0.1625592412952944, 0.12283699314013638, 0.08965454226086751, 0.06319297663466042, 0.05716761150838936, 0.04981862771593773, 0.04105498994186778, 0.035023743250098174, 0.026724112916593278, 0.027086152245013588, 0.023114660969315144, 0.018500350884880452, 0.01710710838986039, 0.014755351381232873, 0.015728035224536394, 0.014595736334866098, 0.011549076817416414, 0.013022628730925197, 0.011431356849651162, 0.019276917602649612, 0.013461869983388922, 0.0146320111694124, 0.00662600492185071, 0.011033472601035288, 0.010299212589384767, 0.009960881998612704, 0.012155678659774852, 0.007908259082765214, 0.007162934314833521, 0.009407875433727644], "train_accuracy_list": [0.0012592599960044026, 0.006806917954236269, 0.013818084262311459, 0.017721576616168022, 0.03658142313361168, 0.05716678500175476, 0.07113795727491379, 0.10937672108411789, 0.12007743120193481, 0.15869104862213135, 0.1937013566493988, 0.26205888390541077, 0.3523651361465454, 0.4560248553752899, 0.5679278373718262, 0.7002401947975159, 0.794894814491272, 0.8708285689353943, 0.9149494171142578, 0.9482401013374329, 0.9702892899513245, 0.9775851964950562, 0.98216712474823, 0.9878044128417969, 0.9882616400718689, 0.9896355271339417, 0.9921221733093262, 0.9926708936691284, 0.9942276477813721, 0.9951002597808838, 0.9951521754264832, 0.9956825971603394, 0.9965875744819641, 0.9972056746482849, 0.9973894953727722, 0.9977560639381409, 0.9975644946098328, 0.9970719814300537, 0.9972997307777405, 0.9962704181671143, 0.9972063899040222, 0.9972657561302185, 0.9986013174057007, 0.9978498220443726, 0.9980603456497192, 0.9976916909217834, 0.9974924325942993, 0.9983385801315308, 0.9986084699630737, 0.997872531414032], "validation_loss_list": [6.529181990960632, 6.440111430004389, 6.647111902333269, 6.549954416775944, 6.406541648537222, 5.6598551345594, 5.677293690768155, 4.576628181669447, 3.8052539656860658, 2.964222540759077, 2.5046232107913857, 2.4177406773422705, 1.9998860208675115, 1.755929091964105, 1.4002063545313748, 1.0534308892909927, 0.7115217618870012, 0.5238872649844246, 0.34175245678334526, 0.23794682632492045, 0.17507209718189756, 0.13070767437756964, 0.12058435460420872, 0.10669984433781167, 0.12017061209042716, 0.1194796976821516, 0.09963388762182811, 0.0788817456241396, 0.10134757291278661, 0.07609640898634538, 0.0814210130877774, 0.07627334504098998, 0.08125285283695305, 0.062069938319965705, 0.06951029492822015, 0.05731014143957785, 0.07348845334020396, 0.07921737239924212, 0.06953591424613166, 0.07033707702448921, 0.07366821141837099, 0.04753229993359054, 0.05924854877009762, 0.07086410083954406, 0.06644801573161709, 0.05826155645649344, 0.06429500260466482, 0.052056314251850117, 0.04957689012834718, 0.04586518060144348], "val_accuracy_list": [0.008111236616969109, 0.007138846442103386, 0.007597663905471563, 0.008719881065189838, 0.014464707113802433, 0.02986365370452404, 0.04629987105727196, 0.06623400002717972, 0.10473304986953735, 0.15895095467567444, 0.19673755764961243, 0.2695131301879883, 0.36425358057022095, 0.44790658354759216, 0.5628842711448669, 0.6837165355682373, 0.7803664803504944, 0.8458030819892883, 0.9121317863464355, 0.9441625475883484, 0.9585800766944885, 0.9744961857795715, 0.9779852032661438, 0.9789858460426331, 0.9738960862159729, 0.9741397500038147, 0.9806694388389587, 0.9821025729179382, 0.9768886566162109, 0.9857308268547058, 0.983375608921051, 0.9843929409980774, 0.9825954437255859, 0.984833836555481, 0.9810703992843628, 0.9871917366981506, 0.9830335378646851, 0.986275851726532, 0.9836294651031494, 0.9859881401062012, 0.9866027235984802, 0.9907019734382629, 0.9867995381355286, 0.9872720241546631, 0.9870665073394775, 0.9894241690635681, 0.9872865676879883, 0.9888272285461426, 0.9896966814994812, 0.9905226826667786], "baseline_loss_list": [6.234007358551025, 6.230929374694824, 6.224276065826416, 6.232719421386719, 6.232707977294922, 6.231544017791748, 6.228130340576172, 6.229611396789551, 6.235292434692383, 6.231207847595215, 6.237056255340576, 6.225207805633545, 6.230086326599121, 6.232478618621826, 6.231258392333984, 6.22416353225708, 6.232455730438232, 6.227804660797119, 6.229053974151611, 6.229441165924072, 6.231812000274658, 6.240606307983398, 6.228640556335449, 6.234757423400879, 6.235888481140137, 6.2383856773376465, 6.232819080352783, 6.227691173553467, 6.230018615722656, 6.233095645904541, 6.224722385406494, 6.2290120124816895, 6.2333831787109375, 6.233100891113281, 6.223612308502197, 6.224033355712891, 6.2300238609313965, 6.234130859375, 6.240787506103516, 6.237668514251709, 6.233461856842041, 6.233080863952637, 6.227670192718506, 6.2295613288879395, 6.2288594245910645, 6.229001522064209, 6.228400230407715, 6.225569248199463, 6.230512619018555, 6.237359046936035], "val_baseline_accuracy_list": [0.14053721725940704, 0.14361412823200226, 0.15026848018169403, 0.14182548224925995, 0.14183780550956726, 0.14299972355365753, 0.14641468226909637, 0.14493337273597717, 0.1392492651939392, 0.14333714544773102, 0.1374891698360443, 0.14933693408966064, 0.14445914328098297, 0.14206594228744507, 0.14328548312187195, 0.15038003027439117, 0.14208881556987762, 0.1467406451702118, 0.14549151062965393, 0.14510507881641388, 0.14273323118686676, 0.1339382827281952, 0.14590466022491455, 0.13978880643844604, 0.13865502178668976, 0.13615775108337402, 0.1417246013879776, 0.14685286581516266, 0.14452588558197021, 0.14145031571388245, 0.14982099831104279, 0.1455339938402176, 0.14116187393665314, 0.14144346117973328, 0.1509328931570053, 0.15051034092903137, 0.1445220410823822, 0.14041262865066528, 0.1337563693523407, 0.13687527179718018, 0.14108224213123322, 0.1414632499217987, 0.14687390625476837, 0.14498336613178253, 0.1456848829984665, 0.14554226398468018, 0.14614403247833252, 0.14897650480270386, 0.14403042197227478, 0.13718773424625397]}