{"train_loss_list": [6.478400871830602, 5.933134613242201, 6.282279575511973, 6.422834551206199, 6.448053583534815, 6.3543326788051155, 6.187870548617456, 5.91820516791395, 5.961917053755894, 5.746357015384141, 5.798900437098678, 5.741586419587494, 5.736203020362444, 5.755820109254571, 6.04167791181995, 6.1044994436284545, 5.856094465973556, 5.779274859479679, 6.155094089302965, 6.0433986376690605, 6.24943946202596, 5.981734839818811, 6.113671786810762, 5.957048527912427, 5.788838131197037, 6.008554793942359, 5.7716574586847775, 6.043810422958866, 5.991570553728329, 6.203397335544709, 5.899510595875402, 5.942642187303113, 6.087551493285805, 6.067536240239297, 5.849968686667822, 5.88844799021239, 5.821434813673778, 5.7118669797015444, 5.794236516439787, 6.1751415027085175, 5.971469331556751, 6.05690730720438, 5.9954083904143305, 6.000564244998398, 5.865343348185221, 5.8255891779417635, 5.683150739567254, 5.530628281254923, 5.485306896701935, 5.66868764815792, 5.526172182636876, 5.344762855447748, 5.26645235964047, 5.133306246931835, 5.347368899724817, 5.301859362407397, 5.184429975735244, 5.148089819057013, 5.258228269187353, 5.163813706879974, 5.511390422492899, 5.504951200177593, 5.299944396685529, 5.239933680462581, 5.108831217981154, 5.223584570935977, 5.1805608134115895, 5.322753604765861, 5.257093052197528, 5.651616346707908, 6.345745947027719, 5.4643275332707235, 5.435316973860546, 5.316476963412377, 5.315307687943982, 5.393208852378271, 5.346106615374165, 6.115753771669121, 5.407464324787099, 5.312217563711187, 5.325743971588791, 5.203093430303758, 5.293470871833063, 5.29904443781863, 5.558710751482235, 6.096315975086664, 6.780931737346034, 5.6560084876193795, 5.719473736260527, 6.312448321106613, 6.211845166196105, 6.1230009325089, 6.0636330912190095, 6.179012249362084, 6.138291365100492, 6.170596587273383, 6.191635871189897, 6.061998907725016, 6.238944751985612, 6.242820392116424], "train_accuracy_list": [0.004409520421177149, 0.004050522111356258, 0.001679077628068626, 0.0021743872202932835, 0.0007706324686296284, 0.0011028461158275604, 0.0003822553844656795, 0.001421464025042951, 0.001320898998528719, 0.0005353055312298238, 0.0014904981944710016, 0.003378890687599778, 0.002087297383695841, 0.0007283713785000145, 0.00169946753885597, 0.002101810881868005, 0.002799163106828928, 0.0027164528146386147, 0.0014063711278140545, 0.0010306598851457238, 0.0027635979931801558, 0.003914583940058947, 0.0013514579040929675, 0.0027286168187856674, 0.0012327192816883326, 0.003952385857701302, 0.0024212049320340157, 0.002208955120295286, 0.0012373432982712984, 0.002176760695874691, 0.0024959566071629524, 0.002488667145371437, 0.002245890675112605, 0.0034199506044387817, 0.0031523515935987234, 0.002294753445312381, 0.0020868470892310143, 0.0022392880637198687, 0.0018886602483689785, 0.0030206209048628807, 0.00364164006896317, 0.0036907228641211987, 0.002581150969490409, 0.0031047435477375984, 0.0020229832734912634, 0.004363187588751316, 0.0016796569107100368, 0.0018241842044517398, 0.003617986338213086, 0.002879092004150152, 0.002518279477953911, 0.002702268771827221, 0.003164442488923669, 0.0029920092783868313, 0.0035115533974021673, 0.003548056585714221, 0.0035227425396442413, 0.0028323219157755375, 0.0028219788800925016, 0.0036146254278719425, 0.003777620382606983, 0.0036967764608561993, 0.0030968415085226297, 0.00331980106420815, 0.002610794734209776, 0.0033274374436587095, 0.0028478007297962904, 0.0036589878145605326, 0.0028043314814567566, 0.002547859912738204, 0.0017173087690025568, 0.002531624399125576, 0.0029120496474206448, 0.0022936651948839426, 0.0024846945889294147, 0.002171984640881419, 0.002772059990093112, 0.0027648438699543476, 0.003345605218783021, 0.0032919482327997684, 0.0025846788194030523, 0.0025735017843544483, 0.0031718199606984854, 0.002792730927467346, 0.0026049178559333086, 0.003597753122448921, 0.0030849194154143333, 0.003960794303566217, 0.0032596811652183533, 0.002745433244854212, 0.0015006877947598696, 0.001849430613219738, 0.0018375578802078962, 0.0017287235241383314, 0.0013178810477256775, 0.0023725293576717377, 0.002077682875096798, 0.0021039401181042194, 0.0016707825707271695, 0.0017787703545764089], "validation_loss_list": [9.190162140913683, 8.416626619570183, 8.838990565502282, 8.154351063448974, 7.479244152704875, 7.9461166641928935, 7.574511267922142, 7.32746566907324, 7.408253255516592, 7.3663113960111986, 7.751164113632356, 7.499930680400193, 7.620619123632258, 7.918728322693796, 7.909770158806232, 7.890551246777929, 7.850643025504218, 8.330829846738565, 7.287117842471961, 7.604285249806414, 7.561045246894913, 8.034598952592022, 8.105999363793266, 7.777755746937761, 8.883256355921427, 8.152609256782917, 8.8871009349823, 8.51876011761752, 8.692054970095857, 7.60871871794113, 8.019278304745452, 7.851495815045906, 7.733410059803664, 8.124815627782032, 8.257545076235376, 8.20608714132598, 8.199458960330848, 8.460244043908938, 8.51555560815214, 7.963547196051087, 8.109586759047074, 8.338370992679788, 8.155824752769085, 8.06283486491502, 8.2310985362891, 8.071779530457777, 8.438353928652676, 8.819937436267583, 8.548058774736193, 8.996875416148793, 8.712564692352757, 9.03583755878487, 9.689298776665119, 10.02332993228026, 11.334005685767742, 9.65177629692386, 9.619883778119329, 8.732920511804446, 10.111074064717148, 10.017620334721576, 10.367612605143075, 9.86178782491973, 9.974809945231737, 11.240454635234794, 11.105806345891471, 11.421294975762416, 11.656577986900253, 9.337433550092909, 9.63603830819178, 13.213601632551713, 11.604319105244647, 13.021056485898567, 12.056915170014507, 10.398338614088116, 12.492660127504907, 13.796210286593196, 13.341578755715881, 10.287858194775051, 11.11940364644985, 12.585873965061072, 12.373139299527564, 11.778789515447135, 11.35580825805664, 14.268352489278774, 12.600305696930548, 11.079509853112578, 10.444028295651831, 11.681251537920248, 10.460672412255798, 9.04040843308574, 8.933637881519818, 9.031408603745277, 9.131965076080476, 9.416483802024764, 9.203443411624793, 9.513760831620958, 9.679198828610508, 9.590693798932163, 9.234948447256377, 9.202553009746051],