{"train_loss_list": [6.721002355033969, 5.788798517383443, 5.320203215720008, 5.0432040621803536, 4.771241541663405, 4.530925091268237, 4.351916917780567, 4.135671915296219, 4.036772302371752, 3.9471976070693047, 3.8269182681769767, 3.775589156097301, 3.6723111004941793, 3.6078809274968875, 3.5580298227627, 3.5392556590530875, 3.47927716123536, 3.49349571812969, 3.416769410089478, 3.445334807389513, 3.3804119984576464, 3.3575925291855593, 3.3533525733166405, 3.334646113258687, 3.26327065319057, 3.255476806835427, 3.2716323708578123, 3.2481909306630006, 3.2249190151758333, 3.2414497392613746, 3.2211347909353667, 3.1683601649388184, 3.213711504449213, 3.186870332518812, 3.13977243737072, 3.195069574747824, 3.10799150648877, 3.1197803540930873, 3.104689006050829, 3.1182912135900205, 3.097008762402433, 3.0965164066297572, 3.062647354054264, 3.0537004901637665, 3.0526630398132717, 3.061050986467655, 3.0697297302025603, 3.0406476077273505, 3.0120328540352457, 3.023420175853134, 3.014937163737219, 2.997803707114775, 3.0244152754645555, 2.9993125815717994, 2.9958055114371476, 2.9737296557988384, 2.9827550982117788, 2.9852446450127497, 2.9795235902505826, 2.9499102541894624, 2.9381823068114645, 2.9426819801196773, 2.9464357956892715, 2.912141607332176, 2.8939126491814218, 2.911399120232874, 2.9328777244195394, 2.920818534229206, 2.8582200965897404, 2.921545591151005, 2.897211213371435, 2.9103092622810474, 2.903455199617328, 2.881710410519481, 2.8506316380067305, 2.8806604283425945, 2.850902935404301, 2.8764671706725182, 2.8412995069516627, 2.831541765150933, 2.8567270767006407, 2.8464145638324596, 2.8431854031971677, 2.811955662421238, 2.8432334322319286, 2.8143874838296012, 2.816664179366847, 2.837255825431794, 2.813083777925382, 2.8037207115245053, 2.7877960170292027, 2.8002363931049, 2.790546932672678, 2.833626914238421, 2.7923035507250313, 2.7859470225477594, 2.78090174558053, 2.7867311194422, 2.774040777608334, 2.773360851771636], "train_accuracy_list": [0.05235123261809349, 0.07716216892004013, 0.13633334636688232, 0.1769872009754181, 0.20088349282741547, 0.21872512996196747, 0.24254919588565826, 0.2688647210597992, 0.28229743242263794, 0.3036106526851654, 0.32023710012435913, 0.3270658552646637, 0.3349575698375702, 0.3453766703605652, 0.3464201092720032, 0.3438493311405182, 0.34747177362442017, 0.3462402820587158, 0.3593338429927826, 0.35028204321861267, 0.35943183302879333, 0.3602128028869629, 0.3589751422405243, 0.3548894226551056, 0.3650159239768982, 0.37099575996398926, 0.3607698082923889, 0.37003016471862793, 0.36673521995544434, 0.3627527952194214, 0.364120215177536, 0.3753288984298706, 0.3633055090904236, 0.36855247616767883, 0.37146684527397156, 0.3686027526855469, 0.37610486149787903, 0.37451305985450745, 0.37229466438293457, 0.37240010499954224, 0.3765774667263031, 0.376526415348053, 0.38755765557289124, 0.37973320484161377, 0.3779124915599823, 0.38058969378471375, 0.375375896692276, 0.37923431396484375, 0.3841395378112793, 0.3825546205043793, 0.3753219544887543, 0.3795744776725769, 0.37820887565612793, 0.39011725783348083, 0.38527241349220276, 0.3899892270565033, 0.3865756094455719, 0.381587415933609, 0.3909338712692261, 0.39144018292427063, 0.39236700534820557, 0.3898184895515442, 0.38570263981819153, 0.39727577567100525, 0.3941081464290619, 0.39477524161338806, 0.39022108912467957, 0.3918215334415436, 0.40289536118507385, 0.39976003766059875, 0.3958134353160858, 0.3979799449443817, 0.39572712779045105, 0.398964524269104, 0.4071592688560486, 0.396724671125412, 0.4032469391822815, 0.3944492042064667, 0.40425291657447815, 0.40440863370895386, 0.40083247423171997, 0.3982028067111969, 0.40190568566322327, 0.40633469820022583, 0.40596356987953186, 0.4075026512145996, 0.41543278098106384, 0.40976136922836304, 0.40829458832740784, 0.4137287139892578, 0.4144550859928131, 0.40766409039497375, 0.4133465588092804, 0.40384986996650696, 0.4128764867782593, 0.4142742156982422, 0.4104793965816498, 0.4136534333229065, 0.4149895906448364, 0.41427725553512573], "validation_loss_list": [6.145605555470126, 5.763162102723986, 5.462808554654294, 5.205015663038264, 5.006833830028, 4.9188597461720205, 4.676188329340881, 4.466008479113406, 4.461891059430769, 4.34644436095045, 4.286445539850027, 4.119543045913617, 4.0377886653564135, 4.006769759667352, 4.044022040045941, 3.9365451953571693, 3.843851008563462, 3.846097605216071, 3.7507030488295876, 3.7685576597025974, 3.6623880023165687, 3.759456819820898, 3.7837313833632, 3.595602147319774, 3.6903386554569777, 3.72282385455512, 3.5866928397065, 3.76463583961052, 3.6971981525421143, 3.7000340538321383, 3.6887012911584094, 3.5491166442169426, 3.590612618416702, 3.6032775634311025, 3.666856789835994, 3.6586881808048703, 3.6214269183460295, 3.5979944510781086, 3.6402655302551743, 3.546086143953195, 3.5993700342474826, 3.5313613180051813, 3.5979707636363765, 3.5021865812608, 3.5212116340281434, 3.5124536548871452, 3.5288518821637247, 3.574870308446143, 3.482007343534361, 3.4563103673371627, 3.491716699279034, 3.5713972242384995, 3.654628416417176, 3.467532042394648, 3.5316316117894466, 3.4844374551674244, 3.536996444272254, 3.553763910278755, 3.5199025548183855, 3.554082009458789, 3.5055072943781322, 3.542829858824379, 3.506317190555711, 3.510197433165318, 3.4449937751256123, 3.627526075111152, 3.5097852605612165, 3.516763257239149, 3.5181401288571137, 3.532545338640559, 3.3903829526407114, 3.5106068268958768, 3.4645607662942126, 3.466640281553713, 3.5338991398638395, 3.437506890667535, 3.4931372916760224, 3.4914046099766547, 3.4731747362897805, 3.5361812157952106, 3.475698243151057, 3.513467085793846, 3.4895932946180435, 3.5401128555208907, 3.4371092640674177, 3.4129012427799443, 3.4875456625933476, 3.4632784239368735, 3.529433593848826, 3.4754472995669112, 3.594094232574028, 3.4823354680303464, 3.453557980492943, 3.4135013065189894, 3.5170997795045684, 3.537390420473919, 3.4709521371465892, 3.6120397995173006, 3.429960403417676, 3.4720462412414155],