{"train_loss_list": [6.793066819241285, 5.851336319973707, 5.62414517547145, 5.435512379765109, 5.262368323960823, 5.1553536368540245, 4.982958879267461, 4.835562800718879, 4.73135746114048, 4.605107766476812, 4.522063618289635, 4.435074673892405, 4.349299853096907, 4.290515803728842, 4.2083348593727905, 4.137445712597951, 4.073000976934979, 3.998380422993541, 3.918877813684954, 3.8856997845817762, 3.823544439777113, 3.7435770786704974, 3.7531424964183375, 3.6718899700644307, 3.633870686879998, 3.6076671109857785, 3.5690133938216735, 3.5481624532361358, 3.514716546275934, 3.537766887817854, 3.468006396534467, 3.4499745200378724, 3.459578517176353, 3.44654170484789, 3.39460950119862, 3.4240317440996266, 3.34605218398183, 3.3568206114399715, 3.323633671609641, 3.330981027263851, 3.3135718923358937, 3.307843530887171, 3.3163064253985817, 3.3210579400378313, 3.287915171597542, 3.2804838880545364, 3.2851103126802026, 3.226826154155496, 3.2286975722254057, 3.244916596262811, 3.2482128810936084, 3.2011843586610222, 3.195963551968704, 3.1821005516983445, 3.1701958930050886, 3.206843816471421, 3.162232104776684, 3.1774144042889545, 3.149128621274775, 3.161320196792868, 3.133486152765593, 3.1556018063783915, 3.1323907731224256, 3.1079626124849757, 3.105494903795647, 3.0878718471955238, 3.1154469058971213, 3.1071730882899393, 3.0911393097354107, 3.083274992494337, 3.0584016840332153, 3.0637542185959994, 3.1115493884793035, 3.066201018564629, 3.025711011003565, 3.051563911165051, 3.068318166716733, 3.0333035265155113, 3.045630926234955, 3.03583267575295, 3.0432208330944333, 3.0195259244487476, 3.0367343354840606, 3.032847216701936, 3.032048915505543, 3.0137063560528654, 3.052534305554314, 3.01909092419878, 2.9926730556921526, 3.00066249699705, 2.9945523200345496, 2.9761632773209903, 2.973287904704059, 2.9805393140056453, 2.9891112939142084, 2.96036534477966, 2.9834067433503875, 2.9811625084625484, 2.9528405600792897, 2.9990843872965116], "train_accuracy_list": [0.0510886013507843, 0.05238009989261627, 0.06664712727069855, 0.08154450356960297, 0.102122962474823, 0.11840299516916275, 0.1410565972328186, 0.1634455770254135, 0.18220703303813934, 0.19105200469493866, 0.20259234309196472, 0.21583226323127747, 0.2268984317779541, 0.23420707881450653, 0.2578808069229126, 0.26685166358947754, 0.2795274555683136, 0.29465821385383606, 0.3055589199066162, 0.3137829005718231, 0.31722724437713623, 0.3262707591056824, 0.3316110372543335, 0.3329866826534271, 0.3430477976799011, 0.34132102131843567, 0.343034029006958, 0.3446570634841919, 0.34950390458106995, 0.3433474600315094, 0.3487282991409302, 0.35251203179359436, 0.3512178063392639, 0.3512722849845886, 0.35334450006484985, 0.3501048684120178, 0.360433965921402, 0.35858431458473206, 0.36487025022506714, 0.35806673765182495, 0.3615682125091553, 0.36223235726356506, 0.3596953749656677, 0.3596290349960327, 0.35376444458961487, 0.35986512899398804, 0.3590063452720642, 0.3669566512107849, 0.3694455921649933, 0.366374671459198, 0.3640323281288147, 0.37017518281936646, 0.36941200494766235, 0.36921167373657227, 0.3715689480304718, 0.36675378680229187, 0.37320008873939514, 0.3705858290195465, 0.3747994601726532, 0.36724719405174255, 0.3662101626396179, 0.3696076273918152, 0.3736078143119812, 0.3721604347229004, 0.3731069564819336, 0.3739337921142578, 0.3728639781475067, 0.3732238709926605, 0.37711411714553833, 0.3747481405735016, 0.3794894516468048, 0.3779001235961914, 0.36912795901298523, 0.3771093487739563, 0.3816455602645874, 0.3737506866455078, 0.3732393980026245, 0.3740454912185669, 0.37944456934928894, 0.3773660659790039, 0.3738580644130707, 0.38118070363998413, 0.37979623675346375, 0.3786635398864746, 0.3788820207118988, 0.3844482898712158, 0.375129371881485, 0.3785932660102844, 0.3777224123477936, 0.3779900074005127, 0.38150522112846375, 0.3830580413341522, 0.3771913945674896, 0.3785589933395386, 0.3789796233177185, 0.38731011748313904, 0.3848380744457245, 0.37888553738594055, 0.381639689207077, 0.37651050090789795], "validation_loss_list": [6.23816793076115, 6.112187157023138, 6.040413419199731, 5.893665043183559, 5.838816225219885, 5.706884098794176, 5.576659780709854, 5.66643500328064, 5.483917950348533, 5.407511357816389, 5.343223458127037, 5.304875365193026, 5.126232653701861, 4.980569529409853, 5.012017558893391, 5.0571041724842445, 5.066569411075177, 4.952849110173438, 4.658902281924233, 4.8265330494994325, 4.5690966307190415, 4.587267538426453, 4.530801034344293, 4.519323282291235, 4.471582915498803, 4.4276241502613605, 4.38366157403264, 4.413633634389373, 4.301683127571264, 4.31553495671465, 4.217048525810242, 4.230188156038986, 4.140866009064907, 4.129046172675691, 4.214306933892206, 4.082782473588854, 4.107585042869489, 4.00223096602939, 4.0868862410283455, 4.131765732493426, 3.991388887321393, 4.010345890732009, 3.8149299164510144, 3.8960536662778704, 3.892168248255636, 3.8079687264299147, 3.8468659350291436, 3.8995845861385523, 3.8490567404989133, 3.8337051559606365, 3.7756934678616303, 3.796335093715648, 3.7969927645717876, 3.681121949087153, 3.6971472927943414, 3.717101672770446, 3.6315137296142974, 3.6197789518326675, 3.769632076970036, 3.636163240269676, 3.571104244247002, 3.7497344430864166, 3.584872446529606, 3.6425215605009407, 3.6313108557864173, 3.565543436015826, 3.5396459794415094, 3.5760343482457295, 3.56829936084352, 3.6979752531941075, 3.6020425261611146, 3.668451046078934, 3.636315857808207, 3.5911157779743017, 3.598637694521889, 3.665191020372618, 3.5799790262558298, 3.6367501335440524, 3.536681477269978, 3.5317085295761186, 3.578325267900457, 3.50361385555465, 3.6631712505854472, 3.5324852874241963, 3.528235301452597, 3.527568784402442, 3.632609278426887, 3.4929469020873154, 3.587931854737237, 3.5868154158863996, 3.4440079587728865, 3.553193286292911, 3.427246861507238, 3.4881296071363854, 3.556866057796182, 3.504714137531933, 3.433489078684792, 3.518414861180004, 3.573584720260739, 3.5049173362514514],