{"train_loss_list": [6.8235898139663504, 5.856083272940455, 5.444492243475595, 5.160015702112308, 4.892514285922186, 4.713374319466235, 4.4902112309426645, 4.357664419763069, 4.175745800594195, 4.0443334940749045, 3.9726673908590864, 3.8238853029441615, 3.686966198662488, 3.6433996217881375, 3.571604369582437, 3.510035606302008, 3.495969671396608, 3.41781099727557, 3.3352296456576207, 3.406125248696287, 3.346929542864086, 3.259845195577039, 3.2697494057061047, 3.244645486286631, 3.2722014344374517, 3.218972739580676, 3.21698613726998, 3.199102732434311, 3.1729172100138583, 3.177547775454202, 3.127699547877512, 3.117495806209075, 3.1132520268101427, 3.1167530210415975, 3.0796429845044617, 3.0727392399892905, 3.0325196329905957, 3.048304648864824, 3.042648482133257, 3.0196451257225063, 3.016767823466107, 3.0083035423116975, 3.022674082221292, 2.9747219292719707, NaN, 2.9955074760077625, 2.9523840224566986, 2.9085486540052865, 2.9529562157480456, 2.931793982406209, 2.933988813103666, 2.9430515425159225, 2.941519913148393, 2.873549440120866, 2.903901617690735, 2.8815313672369913, 2.9003771981234987, 2.9038266343372228, 2.9120196551930215, 2.8625832603278143, 2.856927914800763, 2.855673922853762, 2.86569655158057, 2.834259302743312, 2.858317958374976, 2.8370695854288766, 2.880330131489627, 2.8450609036931658, 2.801028220188063, 2.797236845607655, 2.8046204658155407, 2.7874620327816917, 2.8143948671766363, 2.813317246388361, 2.7905851900577545, 2.810063184254827, 2.8213404008397722, 2.769484178026743, 2.796151494905437, 2.781290540224307, 2.807789095549524, 2.7553186953304576, 2.785337255166148, 2.769186883995671, 2.7798755987548396, 2.7899276637192076, 2.798618055195056, 2.7551988536464505, 2.7514170909577413, 2.7634475835166645, 2.714034114942107, 2.721209404653913, 2.7097622213650507, 2.7527997044171975, 2.741530012597291, 2.7299436506700028, 2.7252703316501266, 2.6922015653971783, 2.7172829933997313, 2.731837946156232], "train_accuracy_list": [0.05261487513780594, 0.06726168096065521, 0.12080048024654388, 0.16691051423549652, 0.1876019686460495, 0.20149672031402588, 0.22819869220256805, 0.24595995247364044, 0.2658149003982544, 0.2855217754840851, 0.30691877007484436, 0.3233731687068939, 0.3360585868358612, 0.34475234150886536, 0.3580012023448944, 0.35724154114723206, 0.36145415902137756, 0.3641146719455719, 0.3726453185081482, 0.3649460971355438, 0.3652084171772003, 0.3755514621734619, 0.3736147880554199, 0.37865352630615234, 0.3763923645019531, 0.37247785925865173, 0.3788716197013855, 0.3728020489215851, 0.3779696822166443, 0.37307530641555786, 0.38031965494155884, 0.377579003572464, 0.3867785632610321, 0.37125685811042786, 0.3854542374610901, 0.3878602385520935, 0.39038050174713135, 0.38778337836265564, 0.3933876156806946, 0.3900694251060486, 0.39285367727279663, 0.3855873942375183, 0.3858414888381958, 0.3902842700481415, 0.3897686004638672, 0.39303553104400635, 0.3982396423816681, 0.40074652433395386, 0.39539819955825806, 0.403238445520401, 0.39720746874809265, 0.3951840400695801, 0.3937132954597473, 0.4035969078540802, 0.4028051197528839, 0.4095226228237152, 0.39693373441696167, 0.40628451108932495, 0.40158361196517944, 0.40747126936912537, 0.4063493609428406, 0.40507426857948303, 0.4101768732070923, 0.4122326374053955, 0.4110677242279053, 0.4083004593849182, 0.40306755900382996, 0.4069649279117584, 0.4136482775211334, 0.41105917096138, 0.41014450788497925, 0.4114469289779663, 0.41404131054878235, 0.41643476486206055, 0.4150966703891754, 0.40879812836647034, 0.40775245428085327, 0.42129209637641907, 0.4145129919052124, 0.42017197608947754, 0.41164344549179077, 0.4232002794742584, 0.4189334511756897, 0.41541481018066406, 0.42068901658058167, 0.41596612334251404, 0.4087422490119934, 0.41126060485839844, 0.4198674261569977, 0.4172780215740204, 0.4297463595867157, 0.42915093898773193, 0.4292193353176117, 0.42578649520874023, 0.4271295666694641, 0.4140114486217499, 0.42258280515670776, 0.42994824051856995, 0.42410409450531006, 0.41892123222351074], "validation_loss_list": [6.271771882307084, 5.896570070542116, 5.515901133338398, 5.406380426437459, 5.201864990958556, 5.058697696675591, 4.856049297965146, 4.709253558500565, 4.596899569353318, 4.439970208999307, 4.317115825765273, 4.166454507705362, 4.014732666831603, 3.876346867989729, 3.9755989115505934, 3.8553649945692583, 3.820571863715024, 3.8567919246653184, 3.7376589877082704, 3.673778041161318, 3.6371417032843607, 3.741035465250678, 3.684483360479222, 3.567662939668339, 3.5820339287028595, 3.689428023476014, 3.5620194571540953, 3.577311112281473, 3.600179459959428, 3.479696651193547, 3.6479050029407847, 3.5671572589619274, 3.536174466903197, 3.573041907606278, 3.484268057792582, 3.527634158491451, 3.4598651678166923, 3.5004410195478144, 3.500250001004673, 3.4684985359722282, 3.4977889507212105, 3.4560721800289054, 3.559291784138603, 3.461966037750244, 3.4614315606693533, 3.4286223573480696, 3.43834319152934, 3.422363270412792, 3.5484019454150277, 3.481096492731635, 3.3817544703815074, 3.498689385021434, 3.5095684585724283, 3.5175735854847545, 3.501476926599594, 3.47132405686506, 3.2899070474553236, 3.445639515943068, 3.466410362146755, 3.457263298850646, 3.361790245229548, 3.509714357355699, 3.3587387204170227, 3.53896413193667, 3.4362106590984975, 3.461746004176012, 3.4671580928532197, 3.4019622279998454, 3.485444578257474, 3.322712969014989, 3.4670563266876546, 3.4699869659495226, 3.4715811173546123, 3.5045589055607027, 3.4754861198007103, 3.4368205363737707, 3.3836110384069022, 3.4424579628011123, 3.394903330879415, 3.4582159296076567, 3.4180236927328265, 3.448776914474161, 3.4062498654911226, 3.406874069555558, 3.4331485243404614, 3.4793865954812198, 3.463580508920598, 3.3647608980138033, 3.4091873015949434, 3.401096050752038, 3.5225681786868663, 3.3862534761428833, 3.411766836349977, 3.4348218740626453, 3.498469842627724, 3.41532762484117, 3.4807658463238393, 3.4275050176018698, 3.5175231911919336, 3.457821234662265],