{"train_loss_list": [6.706048523670629, 5.740904134264431, 5.31162857046031, 5.009439955924362, 4.7596641737470184, 4.607384601024666, 4.405899450567569, 4.258628854045162, 4.106793261537648, 3.974203657087118, 3.858718477381868, 3.7514062058912248, 3.7061103635899277, 3.619591135769982, 3.5578527298037854, 3.5621090149371044, 3.482164841308337, 3.4660090919830715, 3.4476708236634397, 3.438228742843525, 3.382271313105368, 3.390718381546697, 3.3470229401465352, 3.31117825703455, 3.312657855041367, 3.310640700203267, 3.2632900693199853, 3.252271478960142, 3.2782206967489755, 3.254092329011354, 3.239164449550487, 3.2203848321831186, 3.184019308031341, 3.168298380275902, 3.1742740386530475, 3.2030592730015885, 3.1895979166566053, 3.1547231371153885, 3.137709467231759, 3.1424819634418295, 3.138863056730876, 3.1310145565957734, 3.1336263168005294, 3.1035085298396923, 3.1089665647575218, 3.12164661552502, 3.0574205945236512, 3.0789704001043514, 3.0950678767579975, 3.0566757629749883, 3.0260229994418513, 3.0634286256484042, 3.0336776371087826, 3.0331544259314316, 3.018766474576644, 3.038894685029181, 3.029491430982596, 3.0296303979743078, 3.040215416789456, 3.0319319661083712, 2.9855081473135385, 2.9884136485732364, 2.98150029367068, 2.9735632435106134, 3.0078089120813494, 2.969712661171602, 2.982127555291661, 2.9472910997977295, 2.984331581461443, 2.9563502443893723, 2.9229527747992314, 2.9327540388278552, 2.952021760036113, 2.941159607451639, 2.944139438044744, 2.9300347111709457, 2.9435870426672475, 2.9294249734493216, 2.946571718562733, 2.919438199028289, 2.8913334535829947, 2.9111942556570676, 2.9036777507844063, 2.9051656764498195, 2.909324273851718, 2.938293313605483, 2.8860509476543945, 2.875137871831622, 2.9185478968251033, 2.856686073655365, 2.884063641297162, 2.8852449441464527, 2.8806652773911705, 2.8521009806029323, 2.8784480215323094, 2.8535846558751747, 2.8326035617577907, 2.8543680971854197, 2.8463620177556903, 2.850914300491513], "train_accuracy_list": [0.05213472247123718, 0.09042607247829437, 0.14532433450222015, 0.17695832252502441, 0.19230632483959198, 0.21446381509304047, 0.2319783866405487, 0.2554134130477905, 0.2784343659877777, 0.29847848415374756, 0.31752121448516846, 0.32992684841156006, 0.3319617509841919, 0.3423425555229187, 0.3527515232563019, 0.3467426896095276, 0.35632142424583435, 0.35078170895576477, 0.35504263639450073, 0.3493674397468567, 0.358146995306015, 0.3584234416484833, 0.36224523186683655, 0.36248746514320374, 0.36195001006126404, 0.3632500469684601, 0.3643925189971924, 0.3674922585487366, 0.3646453619003296, 0.36946576833724976, 0.36779025197029114, 0.365287184715271, 0.37360304594039917, 0.37056249380111694, 0.3738318383693695, 0.3668447434902191, 0.3696708083152771, 0.37133315205574036, 0.37919357419013977, 0.37319013476371765, 0.37365490198135376, 0.37591078877449036, 0.37743571400642395, 0.37799590826034546, 0.3768264949321747, 0.37998834252357483, 0.38554972410202026, 0.3846326768398285, 0.37706634402275085, 0.38301849365234375, 0.38513994216918945, 0.37933990359306335, 0.3848975896835327, 0.38698890805244446, 0.39402639865875244, 0.3898264467716217, 0.38474076986312866, 0.38677144050598145, 0.38328754901885986, 0.385070264339447, 0.39052635431289673, 0.38810399174690247, 0.3894522488117218, 0.3937374949455261, 0.38641688227653503, 0.3945312201976776, 0.39146488904953003, 0.4020248055458069, 0.3907659649848938, 0.3991457521915436, 0.40186020731925964, 0.3949068784713745, 0.39566996693611145, 0.3963380455970764, 0.3951895833015442, 0.4009975492954254, 0.39476820826530457, 0.40708401799201965, 0.40163543820381165, 0.39809712767601013, 0.40477004647254944, 0.4040580093860626, 0.4010857939720154, 0.40163707733154297, 0.4009138345718384, 0.3996390104293823, 0.40933918952941895, 0.40345966815948486, 0.4016735851764679, 0.40438535809516907, 0.4024187922477722, 0.4052433967590332, 0.4061361253261566, 0.4072471261024475, 0.4034905433654785, 0.4105437695980072, 0.4109097421169281, 0.41289910674095154, 0.41150805354118347, 0.4118383824825287], "validation_loss_list": [6.091781337026488, 5.659964794939664, 5.415447650178109, 5.298187284271952, 5.042117762442079, 4.930969513759712, 4.839307014188618, 4.572338851622349, 4.4468394734081205, 4.3205403182173026, 4.199432138334284, 4.1177223581106555, 4.048789348009337, 3.9401993442693524, 3.9806587300770024, 3.9062128511735197, 3.838741814534281, 3.829252705055197, 3.8222618745398647, 3.7321404502799473, 3.783618766409128, 3.8094987202184805, 3.8041119729916666, 3.6852269240611575, 3.698596365093567, 3.688578473471607, 3.687290485658794, 3.625611505977848, 3.6231352832033226, 3.710178885435193, 3.610609330661556, 3.561721914790455, 3.5995872471616677, 3.6390890784831864, 3.662143489857412, 3.6230857915828882, 3.5416724459494953, 3.7459127272966612, 3.6243086380044414, 3.5641813556147364, 3.649487343476844, 3.612823718570057, 3.5552118917820983, 3.5078851818420724, 3.582527520125394, 3.5472241541264586, 3.589682227589306, 3.532282708222384, 3.5466672756511315, 3.5053006429128697, 3.5722009283273333, 3.6136725597431005, 3.509678859784813, 3.533591597809075, 3.618670275791939, 3.5507703117756027, 3.5467875633832704, 3.5089391192006323, 3.5645752953741834, 3.5249538557517095, 3.5796512377694483, 3.483674551538853, 3.615365274829568, 3.5375831108636806, 3.5441396847907742, 3.5114115803970574, 3.5422223460488986, 3.523798718971292, 3.5591822597029297, 3.456915064179218, 3.447525311010489, 3.4983382583282157, 3.588088190617339, 3.6458940678927565, 3.517388309839476, 3.472054241852439, 3.568544419935948, 3.4619770222994948, 3.580765866245013, 3.55863258690414, 3.482597708084423, 3.498599536060669, 3.5825552631536297, 3.422192735375518, 3.4984167344829578, 3.5318234880971167, 3.5805049702293514, 3.4896865261651073, 3.5422158401864796, 3.5548634942949127, 3.5192224676744925, 3.518850960879746, 3.5155065899685876, 3.5230462353464236, 3.4539856008915084, 3.5278060751257785, 3.494011054384894, 3.546574121929821, 3.486391039092306, 3.6173512768868954],