{"train_loss_list": [4.932652583697934, 4.157147647715375, 3.7155085453139893, 3.4335748325176283, 3.2055973072529924, 3.0227405631868063, 2.9014864230617574, 2.8140874038660444, 2.756147474118409, 2.717609371709932, 2.664749302733732, 2.6615780955838177, 2.624863250584157, 2.5727060697209048, 2.579391236593077, 2.5480777410141155, 2.5551286315320563, 2.543225811051888, 2.540711847551863, 2.492180573234254, 2.503562832136632, 2.5100773133015037, 2.4593959223300828, 2.4848143829028535, 2.461309372496225, 2.4566998660971744, 2.4392669144551142, 2.4255826692510576, 2.4253619770797346, 2.424875740513443, 2.419006838613871, 2.3985392618966808, 2.395376732585642, 2.38215266877535, 2.395167438071518, 2.3832533090016836, 2.3929226019659455, 2.391979208704008, 2.3730370337843625, 2.3783272066936405, 2.35684814886243, 2.3719876063032954, 2.353590183825591, 2.338319497085378, 2.339157513170959, 2.3635848323413615, 2.3280507833919657, 2.3270329222728017, 2.304038109805155, 2.3635186240721944, 2.343334227698539, 2.360226302728023, 2.318252100386489, 2.324900847564797, 2.2937974620585018, 2.334186342691235, 2.326998034207859, 2.3142275618800814, 2.3331836955558196, 2.3325123903012766, 2.286087768156599, 2.29159377247163, 2.308409477488598, 2.314201009046108, 2.3135228912623975, 2.293087383133947, 2.3073712499782544, 2.319955181763221, 2.270395029174983, 2.2976981508704686, 2.286121770501951, 2.288142345964501, 2.2920444245897826, 2.269823743026186, 2.2689124014491644, 2.277004823258363, 2.256839802772961, 2.25666316878687, 2.265445842015173, 2.2714882033425203, 2.2564868562449627, 2.258137977747819, 2.269906182767047, 2.270551935415333, 2.2716968765562924, 2.2381655224906556, 2.239219329894811, 2.250458448174874, 2.212065585585553, 2.225633521184563, 2.2441597159671893, 2.2392570960901863, 2.2727920332910805, 2.2614014768858435, 2.2512049604724913, 2.247938295839045, 2.253678315151525, 2.230312130785206, 2.2300216712413996, 2.2333321377193736], "train_accuracy_list": [0.13915729522705078, 0.22869926691055298, 0.2720745801925659, 0.3092553913593292, 0.3390011489391327, 0.3675156235694885, 0.391793817281723, 0.4078715741634369, 0.411338210105896, 0.4288468062877655, 0.43137404322624207, 0.4274488091468811, 0.43462440371513367, 0.4353742003440857, 0.441917359828949, 0.4379957616329193, 0.4370878040790558, 0.44070249795913696, 0.44070562720298767, 0.44644445180892944, 0.4492253065109253, 0.44203710556030273, 0.454037606716156, 0.446860134601593, 0.4488188624382019, 0.4508589804172516, 0.4510766267776489, 0.4553510546684265, 0.45638197660446167, 0.4490971267223358, 0.4566373825073242, 0.45575085282325745, 0.46053174138069153, 0.4669618308544159, 0.4595019221305847, 0.4576210379600525, 0.463442325592041, 0.46087774634361267, 0.46386584639549255, 0.4613916575908661, 0.46735984086990356, 0.46395719051361084, 0.46629568934440613, 0.46719619631767273, 0.4704268276691437, 0.4644261598587036, 0.4713137745857239, 0.46983104944229126, 0.47181156277656555, 0.46421515941619873, 0.46513497829437256, 0.461956650018692, 0.46860265731811523, 0.46901261806488037, 0.47428539395332336, 0.46774551272392273, 0.469883531332016, 0.4687061309814453, 0.46967843174934387, 0.46720218658447266, 0.47830677032470703, 0.47229111194610596, 0.4681539237499237, 0.4685896039009094, 0.4680541157722473, 0.473235160112381, 0.4713385999202728, 0.46863898634910583, 0.47327739000320435, 0.466713547706604, 0.47875821590423584, 0.47380706667900085, 0.46822434663772583, 0.4751996695995331, 0.4699919521808624, 0.4739287197589874, 0.4740610718727112, 0.4763033092021942, 0.4767872095108032, 0.48031365871429443, 0.47749876976013184, 0.48131927847862244, 0.47283637523651123, 0.47636523842811584, 0.4794950783252716, 0.4792300760746002, 0.47615373134613037, 0.47803616523742676, 0.488395094871521, 0.4795193374156952, 0.4799603819847107, 0.4803292751312256, 0.47698071599006653, 0.47265395522117615, 0.48345157504081726, 0.47984012961387634, 0.47543859481811523, 0.48136794567108154, 0.48073726892471313, 0.4783480167388916], "validation_loss_list": [4.465786839551467, 3.865157662228467, 3.552924667450196, 3.3119571094206948, 3.113255524380322, 2.9952844725573127, 2.9461560816688332, 2.8648563132566562, 2.7750037462316093, 2.690232169500647, 2.700681906970427, 2.7181225747348154, 2.663568035166531, 2.702541273545454, 2.7386746457553803, 2.549173685318646, 2.648473843533725, 2.5903747652303726, 2.5483558751682547, 2.564686253427822, 2.614648785820619, 2.5789305969355576, 2.5999803747085326, 2.5410060933566987, 2.6171860306020727, 2.580131510999751, 2.583690155317439, 2.517525319109626, 2.556196059772675, 2.5240750025937904, 2.5085473768213853, 2.5029160581170555, 2.52779548404051, 2.528724542276107, 2.565509414609103, 2.4830625452459816, 2.508651273135833, 2.434927035143031, 2.4916271207166867, 2.535670920489306, 2.4934834656230906, 2.5142977518193863, 2.520819653164257, 2.5361677025728686, 2.472208659279155, 2.5099812777922117, 2.390674586283332, 2.508869384061844, 2.478640177033164, 2.5556819247689475, 2.4742884922792565, 2.495450161676356, 2.430340520838365, 2.452769030861676, 2.55529313992689, 2.4230380816893144, 2.455115493606119, 2.422843639863366, 2.4961347608642783, 2.403637812418096, 2.4851470771320363, 2.3785117979355674, 2.462935275891248, 2.487811288094138, 2.440431663378037, 2.438811351589978, 2.378283248865668, 2.41883108513878, 2.478357628545659, 2.42772688999533, 2.43893251062077, 2.386981816852794, 2.3988064785692145, 2.403707120507796, 2.519091596577894, 2.496686734617713, 2.483775585411704, 2.390068204645167, 2.4573204772357635, 2.400281560612235, 2.4423238185637777, 2.4602879002132516, 2.4305339898655123, 2.3423694078935022, 2.3890501764368883, 2.4197924165802207, 2.4431248874587808, 2.3841497604859705, 2.393385808416866, 2.4642647217939246, 2.3879928531493735, 2.459520999760551, 2.382389624807286, 2.4419740526115192, 2.4392719657663355, 2.3971212101492654, 2.427575308371355, 2.4684297388250176, 2.4066696625979827, 2.4089602200105227],