{"train_loss_list": [4.907914275753087, 4.26607160424364, 3.8330082980723215, 3.4367877656015855, 3.155381224278746, 2.8895275854858857, 2.7408984357426904, 2.6365805193781853, 2.519187414697532, 2.4547990257370063, 2.420719524395877, 2.3872389002092955, 2.3218322866435708, 2.3034277424730103, 2.271472808872831, 2.243591004404528, 2.1998645650415587, 2.1517862572238364, 2.143231548368931, 2.049948418705628, 1.9773284636180977, 1.8631394222892563, 1.7711849405333913, 1.6497301061091751, 1.5281301578827973, 1.443563455908463, 1.3612026993570656, 1.233393092350713, 1.147469448889124, 1.0854724366860142], "train_accuracy_list": [0.023570625111460686, 0.08612498641014099, 0.15812121331691742, 0.19499047100543976, 0.2095891684293747, 0.23008795082569122, 0.23703749477863312, 0.2407405972480774, 0.23803085088729858, 0.23885904252529144, 0.23630018532276154, 0.23153211176395416, 0.23960857093334198, 0.2522468864917755, 0.24451479315757751, 0.2529548704624176, 0.25838127732276917, 0.2720172703266144, 0.2870234549045563, 0.30827203392982483, 0.3389006555080414, 0.37833407521247864, 0.40694159269332886, 0.4409351348876953, 0.4908558130264282, 0.5164472460746765, 0.5471973419189453, 0.5917695164680481, 0.6233925819396973, 0.6435859203338623], "validation_loss_list": [4.436229095458985, 3.9748754692077637, 3.55256076335907, 3.2053802180290223, 2.9512212562561033, 2.7915646553039553, 2.6524426352977755, 2.5879795861244204, 2.564791419506073, 2.5213989555835723, 2.4160777258872987, 2.370358808040619, 2.4372393703460693, 2.3444916903972626, 2.274683995246887, 2.277628730535507, 2.2566293156147004, 2.2341332852840425, 2.1107664132118225, 2.002398442029953, 1.9210058104991914, 1.7859186148643493, 1.7178272354602813, 1.5776799136400224, 1.44942993581295, 1.3946780329942703, 1.273887606859207, 1.1671168386936188, 1.0827868747711182, 1.0480688786506653], "val_accuracy_list": [0.05740143358707428, 0.13013514876365662, 0.18032406270503998, 0.20910747349262238, 0.22117303311824799, 0.2282586544752121, 0.2322860211133957, 0.22748716175556183, 0.2410942018032074, 0.23582497239112854, 0.24432508647441864, 0.24483974277973175, 0.248091921210289, 0.24967515468597412, 0.24808712303638458, 0.24846501648426056, 0.2659054696559906, 0.2708696126937866, 0.28776583075523376, 0.3210562765598297, 0.3423634469509125, 0.39213457703590393, 0.41572821140289307, 0.4647939205169678, 0.5116302967071533, 0.5290025472640991, 0.5650435090065002, 0.6090832948684692, 0.6374919414520264, 0.6346220970153809], "baseline_loss_list": [5.149653911590576, 5.147668838500977, 5.156702995300293, 5.148344039916992, 5.1581501960754395, 5.152132034301758, 5.151456832885742, 5.15260124206543, 5.148725509643555, 5.153975963592529, 5.155002593994141, 5.153789043426514, 5.150573253631592, 5.158679008483887, 5.148003578186035, 5.148864269256592, 5.154665946960449, 5.143726825714111, 5.14961051940918, 5.150875091552734, 5.153180122375488, 5.158807754516602, 5.152557373046875, 5.1537089347839355, 5.147914886474609, 5.155185699462891, 5.1564621925354, 5.153614044189453, 5.153465747833252, 5.155436992645264], "val_baseline_accuracy_list": [0.17197999358177185, 0.17396552860736847, 0.1649310141801834, 0.17329087853431702, 0.16348466277122498, 0.16950196027755737, 0.17017842829227448, 0.16903343796730042, 0.17290805280208588, 0.16765794157981873, 0.16663163900375366, 0.167844757437706, 0.17106138169765472, 0.16295546293258667, 0.173631951212883, 0.17277054488658905, 0.16696813702583313, 0.17790775001049042, 0.1720236837863922, 0.1707596629858017, 0.16845430433750153, 0.16282576322555542, 0.16907598078250885, 0.16792529821395874, 0.17371872067451477, 0.16644932329654694, 0.1651708483695984, 0.16802063584327698, 0.1681680679321289, 0.16619817912578583]}