{"train_loss_list": [6.698828228662578, 5.829092569757926, 5.480142644492598, 5.2842267378412116, 5.065371941101939, 4.83948566121552, 4.681777602895743, 4.537634920324675, 4.432623097524632, 4.279200475625317, 4.17099933873122, 4.061672381279043, 3.9668507059548976, 3.89166198608985, 3.810512189645692, 3.7246484658801062, 3.701003889844875, 3.626091888724219, 3.6058127649973004, 3.56684310615531, 3.5160246601811163, 3.505345121511038, 3.479396678114312, 3.4720790166779936, 3.4342295593685574, 3.4008857438593734, 3.3931817754216733, 3.3909535640819306, 3.3726577336004153, 3.363793777295636, 3.352733926339583, 3.383870942557835, 3.31156430661879, 3.335055534018143, 3.291509254880492, 3.325140809638198, 3.257779238467532, 3.2761069366292386, 3.258365927721916, 3.27493359658587, 3.240011101486172, 3.263475138464092, 3.234115578242558, 3.2311858267896505, 3.1864134221767335, 3.201566009141513, 3.2037525310794646, 3.16692118010537, 3.174478027421885, 3.1663123676940113, 3.154690678405976, 3.197523100341343, 3.146865665444354, 3.132321592131849, 3.1730932385298005, 3.1288345852818686, 3.138592349693564, 3.1148760746892723, 3.162284793141983, 3.1138648280390986, 3.08985258058533, 3.101348891804114, 3.085827573381289, 3.0616439195594403, 3.072887112529725, 3.0741929304185005, 3.075367083854547, 3.052496126404515, 3.0691917552691117, 3.076483081219306, 3.046611171311936, 3.0410038921835714, 3.038517527307324, 3.045006977454848, 3.0387784242630005, 3.0417956148601406, 3.0309478853955683, 2.992753545443217, 3.0020239849550823, 3.0027508532291844, 3.0149384029251425, 3.02754624202998, 2.986082352104144, 3.0095800205513283, 2.9990166091223225, 3.021337854206629, 2.987954610793545, 2.9814960866932383, 2.961093441738959, 2.9827155181186904, 2.9793654660183173, 2.966630826226522, 2.967271326768278, 2.957273444476486, 2.997681505484747, 2.9768578330541966, 2.9778158283394194, 2.9712015530878446, 2.9476845843757173, 2.9514768250729766], "train_accuracy_list": [0.04944835975766182, 0.06784464418888092, 0.09629718959331512, 0.1295466274023056, 0.1524006575345993, 0.18612857162952423, 0.20388086140155792, 0.22355768084526062, 0.23496107757091522, 0.2530319392681122, 0.2675335705280304, 0.2825636565685272, 0.2986016571521759, 0.3116179406642914, 0.3221724033355713, 0.3305594325065613, 0.33930087089538574, 0.34495821595191956, 0.3414173424243927, 0.35293444991111755, 0.3543213903903961, 0.3544313907623291, 0.35220587253570557, 0.3523876368999481, 0.3605813980102539, 0.3617314100265503, 0.3594311773777008, 0.3615492582321167, 0.3571535646915436, 0.36043623089790344, 0.36055368185043335, 0.35686787962913513, 0.36468565464019775, 0.3641509711742401, 0.36745017766952515, 0.35994064807891846, 0.36827540397644043, 0.36483004689216614, 0.3659377098083496, 0.3675408959388733, 0.3670291304588318, 0.3685217797756195, 0.366639643907547, 0.3665432631969452, 0.3733222782611847, 0.37354791164398193, 0.3722967505455017, 0.3715783357620239, 0.37212073802948, 0.37101617455482483, 0.36944580078125, 0.3628145754337311, 0.3717438280582428, 0.3705732524394989, 0.3697117865085602, 0.3769073784351349, 0.37476271390914917, 0.3725042939186096, 0.3679569959640503, 0.37483304738998413, 0.37445130944252014, 0.37280547618865967, 0.37927430868148804, 0.3824149966239929, 0.3710726499557495, 0.38026514649391174, 0.37622886896133423, 0.37820133566856384, 0.37858256697654724, 0.37723755836486816, 0.37705424427986145, 0.38087645173072815, 0.3800111413002014, 0.3814963698387146, 0.3764651417732239, 0.3771379292011261, 0.3812128007411957, 0.38471007347106934, 0.3826945722103119, 0.38167715072631836, 0.3842345178127289, 0.37994125485420227, 0.3850833773612976, 0.3802826702594757, 0.3824288845062256, 0.3814263939857483, 0.38227948546409607, 0.3870784044265747, 0.38582807779312134, 0.3870719373226166, 0.3873979449272156, 0.38484275341033936, 0.3854939043521881, 0.38879117369651794, 0.38274168968200684, 0.3786311447620392, 0.3836759328842163, 0.38372209668159485, 0.38047295808792114, 0.38699647784233093], "validation_loss_list": [6.148583224400338, 5.8678581875222955, 5.8740828766106326, 5.739497856772625, 5.561510146590712, 5.437739686027092, 5.257740770596914, 5.049577511653999, 4.957396237961369, 4.919140367310282, 4.713532825825745, 4.6551987729542, 4.630677231852872, 4.472470955527508, 4.449081134302011, 4.292618645905213, 4.2764104746783955, 4.195430779086493, 4.238166900496409, 4.215681818482789, 4.28483901369757, 4.145265280273912, 4.12802727234796, 4.018891894137921, 3.9827783391883336, 3.9893385672198676, 3.9851932012973053, 3.9815995075542077, 3.8767652499243384, 3.932862831520911, 4.016753057124084, 3.931556075965802, 4.01630715632068, 3.960721364293074, 3.938202568904106, 3.8934238401719328, 3.871713713660759, 3.944678512879604, 3.815679039979846, 3.722564823886891, 3.8524618185863595, 3.8784584931141355, 3.7756321627859006, 3.881193921973668, 3.750554490583548, 3.810113989627423, 3.749124694364676, 3.6985892434194296, 3.7010632957201546, 3.706539328234183, 3.7838712708320026, 3.6540568523456396, 3.661415511462355, 3.7342015375127446, 3.6928190913225083, 3.6310954223642695, 3.5956337624880934, 3.6234431279137964, 3.6916539391087744, 3.592657319622336, 3.572354493363534, 3.563325169790594, 3.5909165681334976, 3.6224062319246597, 3.6271352261459273, 3.611732657091605, 3.586177853104982, 3.597480787514405, 3.5832063101733906, 3.5917520399538345, 3.6757250443641385, 3.56087420579683, 3.5255841158832295, 3.655053893519189, 3.431528788774125, 3.487041180615598, 3.541995301147817, 3.595535032489757, 3.5099805500840895, 3.47625721674509, 3.4601012801876956, 3.5714425737993705, 3.517703661029203, 3.5615842484439595, 3.5122868545314807, 3.6793968319275216, 3.5175655468757907, 3.5589149517098857, 3.4616599397955783, 3.595403575526618, 3.5852433918671287, 3.4744213275958837, 3.489504494197628, 3.5327597739165313, 3.52972341201466, 3.4949653914555365, 3.4722867703808404, 3.5580790932314383, 3.4879115745811267, 3.460282637665309],