{"train_loss_list": [6.176205877078477, 5.537116340924335, 5.18633560672883, 4.821335534639256, 4.488187113628593, 4.097941290434971, 3.6852175087057133, 3.313630650633125, 3.0046009566194267, 2.7783192291054672, 2.6097959185159336, 2.4925647645868283, 2.4139012436712943, 2.421233399709066, 2.3719993122162357, 2.3605567927001623, 2.29236007659666, 2.2830148791754117, 2.2639882556853754, 2.189325379299861, 2.0892100472604076, 2.0227136719611383, 1.9246399512854955, 1.8766131016515917, 1.8116307015060096, 1.7097716103317917, 1.6240218299691396, 1.5904986281548776, 1.5148163116106423, 1.4884886375037574, 1.3972291164500739, 1.401837778860523, 1.3137692759113928, 1.345521374928054, 1.2850270002119002, 1.282911236824528, 1.2563725477905683, 1.2545456203081276, 1.2505605839913891, 1.2293983206954053, 1.2187080528146477, 1.1971461858800663, 1.1779187444717654, 1.238771894670302, 1.2163763469265354, 1.174373544800666, 1.1861615857770367, 1.1640453809051103, 1.1890978164570305, 1.1687352566308873], "train_accuracy_list": [0.0027283565141260624, 0.010386893525719643, 0.03257527947425842, 0.07353565841913223, 0.1038631722331047, 0.13696302473545074, 0.15146225690841675, 0.16105486452579498, 0.16819091141223907, 0.1784205287694931, 0.1834930032491684, 0.19228754937648773, 0.19236917793750763, 0.19818368554115295, 0.20414845645427704, 0.21242015063762665, 0.22332802414894104, 0.23294895887374878, 0.2456078678369522, 0.27564486861228943, 0.30519989132881165, 0.326290488243103, 0.3572982847690582, 0.3844932019710541, 0.41212746500968933, 0.4352242350578308, 0.467029333114624, 0.4851490259170532, 0.5083785653114319, 0.5257986187934875, 0.5519538521766663, 0.5566552877426147, 0.5828233957290649, 0.5759888887405396, 0.5978400111198425, 0.6019301414489746, 0.6095656752586365, 0.6220377087593079, 0.623252272605896, 0.633730411529541, 0.6422733664512634, 0.6533029675483704, 0.6612351536750793, 0.6505871415138245, 0.6588781476020813, 0.6710575819015503, 0.6624636650085449, 0.674628734588623, 0.6727182865142822, 0.6789419651031494], "validation_loss_list": [6.145499520301819, 5.705879015922546, 5.340814371109008, 4.930559594631195, 4.513542442321778, 4.005940334796906, 3.5080713558197023, 3.078255302906036, 2.8085271382331847, 2.6347392868995665, 2.59605819940567, 2.550051522254944, 2.5207285189628603, 2.485344630479813, 2.515294098854065, 2.461914656162262, 2.4507766830921174, 2.426756910085678, 2.329349855184555, 2.208552840948105, 2.1301356768608093, 1.9964359188079834, 2.0208125603199005, 1.9142277812957764, 1.8523268449306487, 1.6848286914825439, 1.6971177685260772, 1.641028499007225, 1.5941268002986908, 1.5098181927204133, 1.4744132286310196, 1.407258111834526, 1.3987313580513, 1.3621870750188827, 1.3520477193593978, 1.3534487241506576, 1.388076343536377, 1.34970589697361, 1.334994034767151, 1.3108173877000808, 1.2223360842466355, 1.239841313958168, 1.3764003008604049, 1.2664908424019814, 1.2537529784440995, 1.2574249362945558, 1.2702040928602218, 1.2552185070514679, 1.2390534120798111, 1.219036530852318], "val_accuracy_list": [0.009927748702466488, 0.017496339976787567, 0.04398715868592262, 0.07136605679988861, 0.10154292732477188, 0.12369832396507263, 0.1435234695672989, 0.16389909386634827, 0.17018456757068634, 0.1789293885231018, 0.18377774953842163, 0.17899397015571594, 0.18907716870307922, 0.20012716948986053, 0.18902145326137543, 0.20041324198246002, 0.2150956094264984, 0.23371994495391846, 0.2541181147098541, 0.2716847062110901, 0.31116271018981934, 0.3299543261528015, 0.3481578528881073, 0.37862735986709595, 0.39213162660598755, 0.4385850131511688, 0.4480127990245819, 0.45465242862701416, 0.48326176404953003, 0.5129501223564148, 0.5137752294540405, 0.5317931175231934, 0.5460870862007141, 0.5555851459503174, 0.5629403591156006, 0.5616169571876526, 0.5595899224281311, 0.5727319121360779, 0.5658164024353027, 0.5926883220672607, 0.6184079647064209, 0.610942542552948, 0.5848803520202637, 0.6060117483139038, 0.6053242683410645, 0.6061768531799316, 0.6075258851051331, 0.6061599850654602, 0.6195511221885681, 0.6321300864219666], "baseline_loss_list": [5.848638534545898, 5.8585710525512695, 5.8449530601501465, 5.847628593444824, 5.856939315795898, 5.855810642242432, 5.844839572906494, 5.845449447631836, 5.852707386016846, 5.853585720062256, 5.858433723449707, 5.8520426750183105, 5.851024627685547, 5.855337619781494, 5.844985485076904, 5.8572211265563965, 5.854814529418945, 5.8549981117248535, 5.842365264892578, 5.8483123779296875, 5.852998733520508, 5.850308895111084, 5.848316669464111, 5.855942249298096, 5.843278408050537, 5.856176376342773, 5.850323677062988, 5.839472770690918, 5.842934608459473, 5.855845928192139, 5.843082427978516, 5.8517746925354, 5.848582744598389, 5.847144603729248, 5.8541059494018555, 5.848671913146973, 5.846235752105713, 5.859961986541748, 5.847657680511475, 5.845370292663574, 5.848263740539551, 5.847720146179199, 5.846951484680176, 5.847247123718262, 5.848443508148193, 5.856680870056152, 5.849954128265381, 5.857041835784912, 5.857885837554932, 5.860239028930664], "val_baseline_accuracy_list": [0.23976795375347137, 0.22983573377132416, 0.24345378577709198, 0.24077825248241425, 0.23146794736385345, 0.23259571194648743, 0.24356678128242493, 0.24295802414417267, 0.235699862241745, 0.23482133448123932, 0.22997303307056427, 0.23636293411254883, 0.2373824268579483, 0.23307015001773834, 0.24341976642608643, 0.23118573427200317, 0.23359307646751404, 0.23340976238250732, 0.24604041874408722, 0.24009409546852112, 0.23540790379047394, 0.2380964607000351, 0.24009166657924652, 0.23246419429779053, 0.2451295256614685, 0.23223036527633667, 0.23808151483535767, 0.24893391132354736, 0.24547046422958374, 0.23255988955497742, 0.24532367289066315, 0.2366296648979187, 0.23982343077659607, 0.24126088619232178, 0.23430219292640686, 0.23973602056503296, 0.2421717792749405, 0.2284439504146576, 0.24074997007846832, 0.24303627014160156, 0.24014434218406677, 0.24068528413772583, 0.24145452678203583, 0.24115875363349915, 0.2399647831916809, 0.23172469437122345, 0.23845262825489044, 0.2313636839389801, 0.2305206060409546, 0.22816571593284607]}