{"train_loss_list": [5.811867931317599, 4.901738591073235, 4.55134132139738, 4.195893683401989, 3.936388628748312, 3.720288646129158, 3.551049180961365, 3.378036680137441, 3.3051766582991613, 3.1898533312199264, 3.1508107356226036, 3.086404680022857, 3.0549890603356746, 3.047168140637441, 2.989750356895001, 2.984866788263752, 2.9445534410918297, 2.912593057820658, 2.9273669989132696, 2.915429296277981, 2.893773216922596, 2.8373508743177833, 2.8723752799607163, 2.8517772899704443, 2.8370493466430884, 2.8239779746387863, 2.81734781609612, 2.8017552970131283, 2.81916474198559, 2.797331184050214, 2.7678262843712425, 2.772159517599966, 2.746692384551089, 2.7286357711405054, 2.757192891777022, 2.7419092401517133, 2.753344892864059, 2.7275095856702314, 2.6795213104871562, 2.722033742901509, 2.694362023962372, 2.715543612427065, 2.6927486730384196, 2.702016731607086, 2.680198376339089, 2.6726419881002643, 2.680868688662759, 2.6647618711980465, 2.6674471618453617, 2.630709309233589, 2.6099798668837204, 2.680803094966935, 2.5941967738765603, 2.6544916173063275, 2.6080785165679496, 2.623340984623645, 2.6352046692647377, 2.6197361635925227, 2.609395572671291, 2.6144140852982836, 2.595790444293122, 2.6032032534857965, 2.578070204996616, 2.5853160312183636, 2.580868085794964, 2.6397939170602926, 2.5992333404678756, 2.576880600447166, 2.6168667709551414, 2.586289665664833, 2.5849005406457506, 2.5824583968622026, 2.582064174501741, 2.5722149872727273, 2.572427527381409, 2.5465078716635574, 2.5758098082610763, 2.5895088622562152, 2.57011805354826, 2.566530476857178, 2.5443608386251078, 2.532820771718367, 2.567375435620185, 2.5475182017720126, 2.5615733196217536, 2.5430231252079367, 2.5449713248402177, 2.538688529648355, 2.5415433043944664, 2.5288002004039853, 2.499086585696766, 2.5518996583455977, 2.5314880910492783, 2.514160828133008, 2.5029589976076254, 2.493704536652486, 2.5030404714725774, 2.51446798992525, 2.5146963913753515, 2.53425112021666], "train_accuracy_list": [0.11802131682634354, 0.18437576293945312, 0.2141275256872177, 0.2467762678861618, 0.2772786319255829, 0.3063831329345703, 0.3347344696521759, 0.35968270897865295, 0.36580997705459595, 0.3777270019054413, 0.38277411460876465, 0.3820658326148987, 0.3908070921897888, 0.3923525810241699, 0.40103307366371155, 0.39484667778015137, 0.39989644289016724, 0.4030848741531372, 0.4005635380744934, 0.3986111283302307, 0.3995124399662018, 0.40849822759628296, 0.40298548340797424, 0.408806174993515, 0.4102071523666382, 0.4117833971977234, 0.4131604731082916, 0.41459712386131287, 0.4119340181350708, 0.4135439693927765, 0.4183957278728485, 0.4134988784790039, 0.4138021171092987, 0.4220098853111267, 0.4152136743068695, 0.41601279377937317, 0.4185557961463928, 0.42502525448799133, 0.430520236492157, 0.4245976507663727, 0.42540302872657776, 0.4186849892139435, 0.42829298973083496, 0.4220806062221527, 0.4244845509529114, 0.4279782474040985, 0.42156755924224854, 0.4333905279636383, 0.42400863766670227, 0.43442603945732117, 0.4339318573474884, 0.4321821928024292, 0.43521109223365784, 0.4318081736564636, 0.438015341758728, 0.437575101852417, 0.43965059518814087, 0.4294731318950653, 0.4349004626274109, 0.43600448966026306, 0.44267967343330383, 0.43630242347717285, 0.4485262334346771, 0.4441615343093872, 0.4429991841316223, 0.43077483773231506, 0.4383290410041809, 0.443673700094223, 0.4351559281349182, 0.4411114752292633, 0.43913179636001587, 0.4421124756336212, 0.44236013293266296, 0.4416058361530304, 0.4427791237831116, 0.44670799374580383, 0.44261443614959717, 0.4390179514884949, 0.44365158677101135, 0.44325685501098633, 0.44573745131492615, 0.4507240355014801, 0.44251641631126404, 0.4471982717514038, 0.4408869743347168, 0.44346103072166443, 0.4467734098434448, 0.44877058267593384, 0.44396987557411194, 0.4466232359409332, 0.4546673893928528, 0.44731277227401733, 0.44926655292510986, 0.4493451416492462, 0.4544938802719116, 0.4519500136375427, 0.4514757990837097, 0.45014557242393494, 0.44953373074531555, 0.44394880533218384], "validation_loss_list": [5.08240415976972, 4.639858230036133, 4.3782661982945035, 4.056548599077731, 3.8455054352478104, 3.580478013170009, 3.4384541584520925, 3.424701654789399, 3.3532253059805655, 3.210247426616902, 3.224496692419052, 3.1845363457592164, 3.1941205828773733, 3.221540484501391, 3.04282125526545, 3.159260855037339, 3.1832758845115197, 3.0925597128819446, 3.0935138987035167, 3.069729747820874, 3.016822088737877, 3.009626824028638, 3.0239056269733275, 3.03029993845492, 2.998408263131064, 3.1055202763907763, 3.0035472360192514, 3.0172078779765537, 2.9804100485480562, 3.0123234807836767, 3.023460784128734, 3.015235800524147, 3.0730172365295645, 2.9659930869024627, 2.9832295897055645, 2.994362148703361, 2.883705807583673, 2.9571321843838203, 2.988972775790156, 2.9173481950954514, 3.0320572659981493, 2.9095663361403408, 2.94417896045714, 2.912176777817765, 2.9234334710909398, 2.9347810264752834, 2.9347949709211076, 2.9164964772608815, 2.8939630886425776, 2.9621763448325957, 2.924154422416979, 2.8945468793414078, 2.943747790492311, 2.9473032490635407, 2.975712067618662, 2.935048831968891, 2.8807791871379833, 2.914293271546461, 2.9635333476626142, 2.9926216082305324, 2.878258995863856, 2.90397141843426, 2.869221323302814, 2.9622469681258106, 2.855943040580166, 2.9513713243056316, 2.8736222051844305, 2.8848460788021284, 2.8477864496561947, 2.863753103480047, 2.991196029648489, 2.872137673047124, 2.8715707513750814, 2.777528396674565, 2.8891965430610034, 2.871491115312187, 2.945714994960902, 2.835935498378715, 2.926728988788566, 2.888594693371228, 2.9138308264771284, 2.9506042096383718, 2.8535429306176243, 2.8652085947747135, 2.7998296265699425, 2.822485480077413, 2.877647739892103, 2.865352830792568, 2.856392970498727, 2.93657978882595, 2.872985424283816, 2.871727105002014, 2.8303087986245448, 2.8724793615389843, 2.8619234653151766, 2.8977286608851687, 2.861006462452363, 2.9288401196197587, 2.8593487398965016, 2.8373289734733347],