{"train_loss_list": [5.836773678146559, 5.04518754215076, 4.552683808680238, 4.0849993264880675, 3.802870601415634, 3.376295257231285, 2.9671820006493865, 2.5056538358330727, 2.0355995341107764, 1.5845951056429024, 1.2504012941800315, 1.0545380174599845, 1.0282028510138905, 1.10755306186861, 1.1776987325785488, 1.2495767083661309, 1.2777171007775028, 1.3004530298298802, 1.3368125660666104, 1.3663934569420486, 1.4140036202453334, 1.44608010415887, 1.414909415846241, 1.4012515009220303, 1.4205857778674569, 1.5194846805313538, 1.5549685605641068, 1.5665135410582196, 1.5381641095054561, 1.5427454098545272, 1.5775809114606216, 1.5349625954083328, 1.593666058675996, 1.622520295196566, 1.7116152423209157, 1.678912548540995, 1.613938606376278, 1.6460220147052715, 1.7390287955259454, 1.7782865832078045, 1.6718100459668144, 1.6885109438464558, 1.7178285522707577, 1.7445614761833488, 1.6723257235155022, 1.7005835770276085, 1.702043701477092, 1.7477419429041188, 1.7565745349074233, 1.7836473599590104], "train_accuracy_list": [0.00202348199672997, 0.00029063443071208894, 0.014020619913935661, 0.07464233040809631, 0.1506420373916626, 0.2613248825073242, 0.36413830518722534, 0.4296319782733917, 0.47587376832962036, 0.4953857958316803, 0.5090845823287964, 0.515216588973999, 0.5103204250335693, 0.5020215511322021, 0.5012381076812744, 0.4941098392009735, 0.4985843598842621, 0.49659132957458496, 0.49437543749809265, 0.49318286776542664, 0.49332255125045776, 0.49468064308166504, 0.4945090115070343, 0.49786707758903503, 0.491935133934021, 0.4948696792125702, 0.49510154128074646, 0.4942179322242737, 0.4920296370983124, 0.49775195121765137, 0.49615567922592163, 0.49385297298431396, 0.49415281414985657, 0.48809435963630676, 0.4913497567176819, 0.49178576469421387, 0.4941455125808716, 0.49218159914016724, 0.4890062212944031, 0.49650728702545166, 0.49087896943092346, 0.4849178194999695, 0.49171531200408936, 0.4872185289859772, 0.49385109543800354, 0.49166086316108704, 0.49141889810562134, 0.4864603579044342, 0.4868852496147156, 0.48902589082717896], "validation_loss_list": [5.873689502176612, 5.689763382227734, 5.451668534616028, 5.1362354153334495, 4.062380651030877, 3.5988736923294837, 2.8292532677602287, 2.153524987023286, 1.6596907028044112, 1.2483917848028319, 1.0275475635673061, 1.033820618884732, 1.1326063618515476, 1.2493579676657012, 1.2745103240013123, 1.3151298749326454, 1.2911178168624338, 1.3396299336895798, 1.3790420034919122, 1.4006748735302625, 1.435892575919026, 1.412545100004986, 1.3314612026166435, 1.3668074361001603, 1.4610132966378722, 1.5023274060451624, 1.5578402268766152, 1.439645072426459, 1.4694078654953928, 1.5499161355423205, 1.4469468190212442, 1.594530261526204, 1.6171881092919245, 1.6934532751940718, 1.6481193581012765, 1.569773215236086, 1.6041578825074012, 1.704558663295977, 1.7649680707189772, 1.6599626342455547, 1.613142283275874, 1.6991534889346422, 1.6825740265123772, 1.7253397492447284, 1.7298551316213127, 1.7578762601120304, 1.8787518011199102, 1.870178789803476, 1.886877538579883, 1.8402738896283237], "val_accuracy_list": [0.00837800931185484, 0.00874372199177742, 0.026342857629060745, 0.0334603413939476, 0.1612054705619812, 0.22500473260879517, 0.3645605146884918, 0.4502939283847809, 0.5012043118476868, 0.5113590955734253, 0.5087795257568359, 0.4999611973762512, 0.5054875612258911, 0.4918113052845001, 0.49715766310691833, 0.49640655517578125, 0.49953731894493103, 0.4918310344219208, 0.4914153516292572, 0.4912514090538025, 0.496310293674469, 0.49714499711990356, 0.4903251826763153, 0.49268171191215515, 0.4918972849845886, 0.4992479383945465, 0.49112778902053833, 0.5054650902748108, 0.49668848514556885, 0.4970092475414276, 0.504531741142273, 0.48500049114227295, 0.4970274567604065, 0.49168211221694946, 0.486520916223526, 0.48673248291015625, 0.49869707226753235, 0.5003894567489624, 0.48518314957618713, 0.48804619908332825, 0.48096713423728943, 0.48799070715904236, 0.5051963925361633, 0.4941898584365845, 0.4965519905090332, 0.4878274202346802, 0.4815783202648163, 0.47920331358909607, 0.4857059419155121, 0.4844147264957428], "baseline_loss_list": [5.176937103271484, 5.171934127807617, 5.180161476135254, 5.171876907348633, 5.183786869049072, 5.180187702178955, 5.178328037261963, 5.188789367675781, 5.1829400062561035, 5.179373264312744, 5.18064022064209, 5.181654930114746, 5.186904430389404, 5.180588245391846, 5.160271644592285, 5.187846660614014, 5.167048454284668, 5.174809455871582, 5.180813789367676, 5.181120872497559, 5.173091888427734, 5.187531471252441, 5.185329437255859, 5.180571556091309, 5.169671058654785, 5.182122707366943, 5.1731038093566895, 5.178071022033691, 5.182013034820557, 5.181636810302734, 5.171147346496582, 5.181368827819824, 5.194220542907715, 5.1781005859375, 5.170832633972168, 5.173346519470215, 5.1755828857421875, 5.185817718505859, 5.1846466064453125, 5.17436408996582, 5.173553943634033, 5.183964729309082, 5.187394618988037, 5.182877540588379, 5.180899620056152, 5.192770004272461, 5.1753082275390625, 5.184275150299072, 5.18150520324707, 5.173320293426514], "val_baseline_accuracy_list": [0.5457248091697693, 0.5507290959358215, 0.5425024032592773, 0.550786554813385, 0.5388773679733276, 0.5424756407737732, 0.5443357229232788, 0.5338730216026306, 0.5397238731384277, 0.5432901382446289, 0.5420230627059937, 0.5410093665122986, 0.535758912563324, 0.5420743227005005, 0.5623914003372192, 0.5348176956176758, 0.5556154251098633, 0.5478538870811462, 0.5418494939804077, 0.5415424108505249, 0.5495703816413879, 0.5351319313049316, 0.5373329520225525, 0.542090892791748, 0.5529929995536804, 0.5405407547950745, 0.5495595932006836, 0.5445911884307861, 0.5406502485275269, 0.5410265922546387, 0.5515154600143433, 0.5412945747375488, 0.5284423828125, 0.5445624589920044, 0.5518309473991394, 0.5493162274360657, 0.5470797419548035, 0.5368456840515137, 0.5380167961120605, 0.5483000874519348, 0.5491073727607727, 0.5386993885040283, 0.5352692604064941, 0.5397858023643494, 0.5417639017105103, 0.5298935770988464, 0.547355055809021, 0.53838711977005, 0.541157066822052, 0.5493422150611877]}