{"train_loss_list": [0.898352033619223, 0.6980388904439991, 0.6457913115235239, 0.44361527601321193, 0.272440934810659, 0.2056660535123103, 0.17837410978170049, 0.15719754321316, 0.14508962815282225, 0.1383355387631033, 0.1316924341226695, 0.12544780389299406, 0.11964621044422404, 0.11336407956445453, 0.11705512087240189, 0.10499463257769219, 0.10783463133778022, 0.10662002222444902, 0.10596256168129661, 0.10640044696603958, 0.10447318029827297, 0.10454310885387681, 0.09891328627920051, 0.10004632639852232, 0.10079946765999294, 0.10299611377558904, 0.09433068529575268, 0.09781423378394563, 0.0964683716865693, 0.10057334147997357, 0.09956947469128927, 0.10063938004168449, 0.09532659300485052, 0.08818263892292101, 0.09497631708165563, 0.1003667614540032, 0.09342298422892907, 0.09431051066073043, 0.10483368494508262, 0.09351876969638648, 0.09490213759749293, 0.09815590148681277, 0.0909036053338335, 0.08620102848256246, 0.08576539043095746, 0.08066703739226294, 0.08474411230580982, 0.08737276106267959, 0.093686446387249, 0.0935564224224624], "train_accuracy_list": [0.5488657355308533, 0.5677003264427185, 0.647952139377594, 0.8093772530555725, 0.9000722169876099, 0.9293725490570068, 0.9441323280334473, 0.9527128338813782, 0.9576950073242188, 0.9599787592887878, 0.9618955254554749, 0.9652466177940369, 0.9677879214286804, 0.9697130918502808, 0.9699465036392212, 0.9714884757995605, 0.9711669683456421, 0.9725430011749268, 0.9724301099777222, 0.973076343536377, 0.973656177520752, 0.9731161594390869, 0.9754090309143066, 0.9752987027168274, 0.9746245741844177, 0.973580002784729, 0.9759120941162109, 0.9750269055366516, 0.9752906560897827, 0.9749164581298828, 0.9750695824623108, 0.9746126532554626, 0.976082980632782, 0.9776452779769897, 0.9761937260627747, 0.9747638702392578, 0.9766396284103394, 0.9763140082359314, 0.9737623333930969, 0.9772840738296509, 0.9764046669006348, 0.9754060506820679, 0.977584183216095, 0.978031575679779, 0.9784820675849915, 0.97934490442276, 0.9781304597854614, 0.9771285653114319, 0.9760479927062988, 0.9761738777160645], "validation_loss_list": [0.694763659226774, 0.6787469892790823, 0.5348879577535571, 0.2900972181197369, 0.20415986961487567, 0.1426491267565224, 0.12209842681433215, 0.1331450627538178, 0.11415689873198669, 0.13035187369325396, 0.13059850982766635, 0.10385639599825472, 0.09643247208059436, 0.12394809567915144, 0.10926069111817262, 0.1090954740900979, 0.11488215812961712, 0.10402247392586574, 0.11757576302154873, 0.0831751466565295, 0.1209507075354758, 0.09421440261013975, 0.09918294220897039, 0.10636046686153294, 0.11499130567347612, 0.10098241004714216, 0.11359251449984084, 0.10608603498331656, 0.11126054644659915, 0.10969977794071621, 0.12068920247221479, 0.10724381541932058, 0.0987064011213887, 0.10857815677100191, 0.08406723997169974, 0.09970532083411165, 0.12063035437827836, 0.12007156928655494, 0.10824710374810931, 0.0999622800254564, 0.08850194491690608, 0.09887438879237802, 0.1221571008573672, 0.11619289713968156, 0.10947784225308252, 0.1217667641343944, 0.10485993172533015, 0.1092314593619761, 0.11793399483113634, 0.10340521461624333], "val_accuracy_list": [0.5697260499000549, 0.5965321660041809, 0.7659707069396973, 0.9006068706512451, 0.9419899582862854, 0.9607709050178528, 0.9706483483314514, 0.9709333777427673, 0.9737727642059326, 0.9701721668243408, 0.9735423922538757, 0.9776100516319275, 0.9788867831230164, 0.9743978977203369, 0.9766172766685486, 0.9759331345558167, 0.9765604138374329, 0.9778921604156494, 0.9776004552841187, 0.9821026921272278, 0.9743338823318481, 0.9814332127571106, 0.9800777435302734, 0.9808924794197083, 0.9795286655426025, 0.9809222221374512, 0.9777693152427673, 0.9784101843833923, 0.9792575836181641, 0.9793950319290161, 0.9777171015739441, 0.9798587560653687, 0.980434238910675, 0.9795588254928589, 0.982200026512146, 0.980671763420105, 0.9765893816947937, 0.9775364398956299, 0.9785922765731812, 0.9787676334381104, 0.9832603335380554, 0.9824692606925964, 0.9801188707351685, 0.9805026650428772, 0.9818997383117676, 0.9787353873252869, 0.9816518425941467, 0.9798542261123657, 0.9776448607444763, 0.98045814037323], "baseline_loss_list": [4.13262414932251, 4.1352386474609375, 4.13423490524292, 4.14048957824707, 4.132198333740234, 4.13767671585083, 4.132528305053711, 4.1359100341796875, 4.135928153991699, 4.131831169128418, 4.141332626342773, 4.128296375274658, 4.135222911834717, 4.13922643661499, 4.133477210998535, 4.139184474945068, 4.140618324279785, 4.132566452026367, 4.122981071472168, 4.136941909790039, 4.141475200653076, 4.134143352508545, 4.134551048278809, 4.135831356048584, 4.141300201416016, 4.1384124755859375, 4.1363043785095215, 4.14039945602417, 4.125771999359131, 4.139744281768799, 4.123824119567871, 4.134770393371582, 4.12055778503418, 4.130116939544678, 4.1366963386535645, 4.1390790939331055, 4.1372294425964355, 4.14005184173584, 4.126708507537842, 4.134397983551025, 4.134573459625244, 4.1406378746032715, 4.12740421295166, 4.131231784820557, 4.1462178230285645, 4.129961013793945, 4.13038969039917, 4.135263919830322, 4.133008003234863, 4.138808250427246], "val_baseline_accuracy_list": [0.5468963980674744, 0.5442796945571899, 0.5452844500541687, 0.539029598236084, 0.5473211407661438, 0.5418431162834167, 0.5469903945922852, 0.5436105132102966, 0.5435914397239685, 0.5476885437965393, 0.5381871461868286, 0.5512229800224304, 0.5442956686019897, 0.5402931571006775, 0.5460421442985535, 0.540335476398468, 0.5389017462730408, 0.5469527840614319, 0.556537926197052, 0.5425786972045898, 0.5380432605743408, 0.5453764200210571, 0.5449683666229248, 0.5436887145042419, 0.5382190346717834, 0.5411060452461243, 0.5432159900665283, 0.5391192436218262, 0.5537482500076294, 0.5397756695747375, 0.5556949377059937, 0.5447483062744141, 0.5589612722396851, 0.5494023561477661, 0.5428231954574585, 0.5404407382011414, 0.5422893762588501, 0.5394690036773682, 0.5528109669685364, 0.545120894908905, 0.5449464321136475, 0.5388819575309753, 0.5521143674850464, 0.5482876300811768, 0.5333022475242615, 0.5495594143867493, 0.5491301417350769, 0.5442551970481873, 0.5465123057365417, 0.5407113432884216]}