{"train_loss_list": [6.693074841825783, 5.77905542949501, 5.4981232114913885, 5.297293426479421, 5.080765391573494, 4.863838466864777, 4.7044699230847, 4.532209563870756, 4.400314256532157, 4.258167617516352, 4.164124373099887, 4.07640772703387, 4.003219541074451, 3.9134070509344374, 3.8292191413917926, 3.775275421196095, 3.7352867260257536, 3.692005501853095, 3.648898695053075, 3.595629551996687, 3.5316758753876094, 3.5416806350252044, 3.5157772045745594, 3.5023436990517425, 3.4486412284885324, 3.4156068897943035, 3.4435565835565294, 3.4179375502129328, 3.356622911864258, 3.3618803235684447, 3.3134213204335685, 3.3577573488055656, 3.319054570529865, 3.3317072300530977, 3.297168515480461, 3.254630267285605, 3.2641580250661915, 3.243162341792174, 3.24374673395981, 3.2187395022239214, 3.2220301373906675, 3.2202566640010453, 3.1963033578478797, 3.1950941756785785, 3.174134502774805, 3.183995484904408, 3.1744541598088816, 3.168959045650983, 3.1664989702361734, 3.122627411092037, 3.131794943418835, 3.1244771596959944, 3.147984930160471, 3.0976227433593184, 3.1020343434797257, 3.1024568994706194, 3.092564441138245, 3.084534731510646, 3.0920019279559185, 3.053005131941987, 3.0260351989940895, 3.095959960009514, 3.0292629182806987, 3.044286505809403, 3.0181122955382205, 3.000758188073215, 3.0225395394361647, 3.0337523993953446, 3.0549206213250035, 2.9872631677473436, 3.0101186129380557, 2.9975474136311866, 2.986062360532356, 2.998089868479171, 2.993868183808696, 2.961221008322188, 2.9901993094068584, 2.9852701549979574, 3.0093341853080777, 3.0070845953676972, 2.9972814943653967, 2.978969652109542, 2.992815757306203, 2.9602686078460128, 2.9487199472926147, 2.969870807613454, 2.902545804193392, 2.929524141663788, 2.9362215651941352, 2.9807611734645, 2.9328759348084765, 2.9385507457317863, 2.9228354426211647, 2.9098284269957966, 2.927837415308797, 2.890629706960736, 2.9067320168085238, 2.915437008328443, 2.9365443979984716, 2.8850986148104254], "train_accuracy_list": [0.055017221719026566, 0.07029005140066147, 0.09578567743301392, 0.1181306317448616, 0.15409117937088013, 0.18338969349861145, 0.20266295969486237, 0.21746474504470825, 0.23098814487457275, 0.2585620582103729, 0.27273309230804443, 0.27988940477371216, 0.29103827476501465, 0.30977755784988403, 0.3170800805091858, 0.3299449682235718, 0.32838431000709534, 0.3368697464466095, 0.34117957949638367, 0.3504553437232971, 0.35103076696395874, 0.3545316159725189, 0.34768256545066833, 0.35026562213897705, 0.35932445526123047, 0.35778141021728516, 0.34814366698265076, 0.35659095644950867, 0.3614194989204407, 0.3559545576572418, 0.3629918396472931, 0.36163297295570374, 0.3623991906642914, 0.35648876428604126, 0.3673994839191437, 0.3645055294036865, 0.3634106516838074, 0.36677658557891846, 0.36864861845970154, 0.368146687746048, 0.37280312180519104, 0.36171582341194153, 0.3744544982910156, 0.36783134937286377, 0.36635228991508484, 0.3721035420894623, 0.3693363666534424, 0.3702628016471863, 0.3747691810131073, 0.3771660327911377, 0.3765360116958618, 0.3714693486690521, 0.37410902976989746, 0.37936949729919434, 0.3751813471317291, 0.37381717562675476, 0.37412866950035095, 0.380532443523407, 0.37601372599601746, 0.3795197606086731, 0.3798401355743408, 0.37353965640068054, 0.3837971091270447, 0.37500885128974915, 0.37688010931015015, 0.3810809552669525, 0.381665974855423, 0.3826327919960022, 0.3829304873943329, 0.38452401757240295, 0.38186317682266235, 0.37932753562927246, 0.38321173191070557, 0.3798048496246338, 0.3783338963985443, 0.3884153962135315, 0.3787299692630768, 0.3783486783504486, 0.3792124390602112, 0.37824079394340515, 0.38162684440612793, 0.38007593154907227, 0.3836832344532013, 0.38490670919418335, 0.3768051862716675, 0.37903574109077454, 0.39132556319236755, 0.3868734538555145, 0.3858475089073181, 0.37172839045524597, 0.3874697983264923, 0.3814980983734131, 0.3879561722278595, 0.3897307515144348, 0.3819361627101898, 0.3872660994529724, 0.38534942269325256, 0.383205384016037, 0.38194555044174194, 0.3870099186897278], "validation_loss_list": [6.1568097005853994, 5.820347950248521, 5.759457680845507, 5.694965156248814, 5.39804121126165, 5.275893711673163, 5.157230390785889, 5.152052023250205, 5.096607912389725, 4.888418423697121, 5.0388140974884825, 4.757071299874103, 4.777722834305442, 4.72031440388971, 4.5802192897994285, 4.4648804479312405, 4.403679399292704, 4.29470548975653, 4.262160232030048, 4.2828759776495895, 4.121073232413574, 4.213213526523175, 4.223069463369142, 4.056630914693051, 4.001379476927723, 3.968645577603671, 3.9458427046247095, 3.833315479940701, 3.923969226179963, 3.884091406288542, 3.916400362172893, 3.823274992908221, 3.7245411329318823, 3.7467183239101747, 3.7894625336395027, 3.778740954522642, 3.726875206967092, 3.7664446651626746, 3.73896666450204, 3.7822597076238127, 3.722243685796471, 3.6914895402335133, 3.612722895306009, 3.6681023854665806, 3.761665944608382, 3.5889895079667085, 3.730007937535103, 3.6138043199796135, 3.597908535151902, 3.6820229495745247, 3.665607267710829, 3.7031742871734146, 3.600718634733882, 3.6242694712673442, 3.6384439431323905, 3.594561645404045, 3.5981777659351963, 3.602451837742267, 3.553630969067312, 3.597219767965801, 3.5403928139049157, 3.59501017560613, 3.470812932197294, 3.612736833527916, 3.563757848863157, 3.44416335518496, 3.48411546593503, 3.555712770921579, 3.5272298544799727, 3.5914954990920624, 3.435286410731973, 3.496175150797157, 3.498213557381704, 3.4832934703233946, 3.527973058927862, 3.503233955931787, 3.5570130490268452, 3.520813684389381, 3.6043063204523196, 3.3679209898172884, 3.581377737880371, 3.528631705076583, 3.3673710853942316, 3.51038193208566, 3.4781313949298363, 3.5261477157859606, 3.4980878508770403, 3.5167400033980454, 3.465791982690287, 3.4421666341742085, 3.5621267532437577, 3.4622435612999714, 3.480047532313846, 3.491350587785553, 3.5293652189827953, 3.413404092269858, 3.5111216837878056, 3.4695675799266046, 3.340320151086916, 3.53674641050823],