{"train_loss_list": [6.451841932946238, 5.893469855703157, 5.497827627535524, 5.272748625484006, 5.161417754045848, 4.995395377792161, 4.575624556890849, 4.1577691538580535, 3.6969093284730254, 3.2986370402163474, 2.9430835103166513, 2.6747713047882606, 2.4877804486915984, 2.4372745559647164, 2.3967940087976127, 2.371911975844153, 2.339695414335563, 2.3371576530666185, 2.3485090727436133, 2.3541701880508454, 2.334552299359749, 2.357502515459883, 2.3503727381085526, 2.294928160207025, 2.3629093560679206, 2.33864316806711, 2.307420304366227, 2.3069791095010164, 2.3283296638521653, 2.334609369265622, 2.3054434811246804, 2.3474553528017013, 2.322059432237313, 2.3291616090412797, 2.3082406875388375, 2.2932379795559523, 2.283121623355767, 2.2713444238079004, 2.287127498151927, 2.2355290227409066, 2.2137540373308906, 2.193838981975769, 2.1808181019692587, 2.141099379237356, 2.111289037712689, 2.0762240349732597, 2.0754633938957907, 2.0114697914185196, 2.005157229201547, 1.957169243230902, 1.9413172353444428, 1.9142322928227227, 1.9169697997898891, 1.8747267332570305, 1.881795184622551, 1.859430128387336, 1.8622220361541058, 1.8352416545666497, 1.8489961572762192, 1.8531374669280545, 1.8444246331165577, 1.8302472143851478, 1.8485874361519157, 1.81239294132282, 1.8331951981988446, 1.8227106656493812, 1.8010470625655404, 1.8401534398054253, 1.8358640370183978, 1.850699249012717, 1.848636452750913, 1.8799284532152374, 1.8925452288882485, 1.836621448654553, 1.8429208577706897, 1.8924158826984208, 1.864144214525305, 1.8513329228193596, 1.8614761497953842, 1.8908804405865998, 1.8480087701102783, 1.8365512595608318, 1.8626341688735732, 1.8363961149649373, 1.9092392782712806, 1.8600061109353756, 1.927851088858884, 1.8831136958866284, 1.8564608273064267, 1.8337740749120712, 1.8510922083053096, 1.828175202012062, 1.882038057621183, 1.7761503914049988, 1.8441668819507648, 1.8388049190157447, 1.9483348168432713, 1.8963020623757922, 1.8206313720037197, 1.7410039584441432], "train_accuracy_list": [0.0024256915785372257, 0.006650839000940323, 0.014582425355911255, 0.03321286290884018, 0.03941003233194351, 0.06035061925649643, 0.08809514343738556, 0.11628525704145432, 0.14433160424232483, 0.1492668241262436, 0.15832598507404327, 0.1621575802564621, 0.16668801009655, 0.17045444250106812, 0.1736249476671219, 0.17974911630153656, 0.18323050439357758, 0.18117491900920868, 0.18018697202205658, 0.18211981654167175, 0.19073639810085297, 0.18762466311454773, 0.18885017931461334, 0.18888422846794128, 0.18553993105888367, 0.18994632363319397, 0.19418758153915405, 0.19157983362674713, 0.19174763560295105, 0.19061705470085144, 0.19558247923851013, 0.19841431081295013, 0.19723765552043915, 0.19864067435264587, 0.20086874067783356, 0.20395593345165253, 0.2074020653963089, 0.22268816828727722, 0.21848474442958832, 0.23513615131378174, 0.2398344874382019, 0.24843625724315643, 0.26103073358535767, 0.2725733518600464, 0.28385430574417114, 0.3023895025253296, 0.3019130229949951, 0.32706591486930847, 0.33510729670524597, 0.3490380346775055, 0.35253655910491943, 0.36920884251594543, 0.3745170533657074, 0.3872300088405609, 0.3934585452079773, 0.398062527179718, 0.4065708518028259, 0.41802978515625, 0.41353726387023926, 0.4262087643146515, 0.4261768162250519, 0.43280738592147827, 0.4376153349876404, 0.4447174072265625, 0.4362910985946655, 0.4486526846885681, 0.45698368549346924, 0.44839003682136536, 0.46433213353157043, 0.4591844081878662, 0.4605030119419098, 0.46530213952064514, 0.4619596004486084, 0.4688483476638794, 0.46823546290397644, 0.4630740284919739, 0.4763244092464447, 0.4715712070465088, 0.47989916801452637, 0.469734787940979, 0.48489612340927124, 0.4846385419368744, 0.4730859100818634, 0.48281168937683105, 0.47572895884513855, 0.48197662830352783, 0.474888414144516, 0.4840652346611023, 0.4866727888584137, 0.4935588538646698, 0.4932616949081421, 0.4981781840324402, 0.4892210364341736, 0.5133879780769348, 0.4978232979774475, 0.50238037109375, 0.48358458280563354, 0.49792608618736267, 0.5064223408699036, 0.5176807045936584], "validation_loss_list": [6.52236388206482, 6.425929274559021, 6.351797637939453, 6.171040387153625, 5.576554384231567, 4.968249182701111, 4.361603858470917, 3.9221193480491636, 3.412702913284302, 3.0884038758277894, 2.7336615705490113, 2.5800243282318114, 2.4969048619270326, 2.4690349745750426, 2.4241403460502626, 2.405657949447632, 2.439050192832947, 2.440449773073196, 2.4344698917865752, 2.4370560777187347, 2.4668275606632233, 2.5116571235656737, 2.45173712015152, 2.5419882142543795, 2.4818784272670746, 2.463051781654358, 2.5063573145866394, 2.510816550254822, 2.5302886867523195, 2.4982389223575594, 2.547055994272232, 2.4974420285224914, 2.494933879375458, 2.5162358498573303, 2.528303780555725, 2.534464621543884, 2.4884670186042785, 2.513759000301361, 2.420157690048218, 2.4521983993053436, 2.402010191679001, 2.4218541860580443, 2.3118222379684448, 2.269912313222885, 2.268975439071655, 2.2049230420589447, 2.168784055709839, 2.1765860319137573, 2.111680130958557, 2.007376967668533, 2.1136981165409088, 2.0474371695518494, 2.0142761063575745, 1.9478598427772522, 1.9260528254508973, 2.0115659546852114, 1.9149731504917145, 1.9148903787136078, 1.9069254803657532, 1.9421213781833648, 1.9140448665618897, 1.8912764132022857, 1.8827555441856385, 1.882712597846985, 1.8928022468090058, 1.8610049402713775, 1.8733699297904969, 1.9679929149150848, 1.8835027861595153, 1.8824132210016251, 1.9085895490646363, 1.8445578992366791, 1.8733712005615235, 1.8367062783241273, 1.8718623185157777, 1.7746849501132964, 1.8134236991405488, 1.8184486794471741, 1.8106486308574676, 1.8432489728927612, 1.9035675752162933, 1.8981413751840592, 1.8477784669399262, 1.93793652176857, 1.8866208565235139, 1.8523024517297744, 1.8675212264060974, 1.8151959162950515, 1.8195773828029633, 1.9043731290102004, 1.7762726163864135, 1.9637647223472596, 1.8302856069803237, 1.8709434956312179, 1.8865206032991408, 2.022532643675804, 1.904213924407959, 1.861606281399727, 1.7634456717967988, 1.8229220825433732],