{"train_loss_list": [7.853250903419301, 6.783959259715261, 6.3125421321844755, 5.923164164718194, 5.669800572254487, 5.36393564235309, 5.182345187613732, 4.9440494491581175, 4.772353216565611, 4.594867722143101, 4.416997547768339, 4.359414668777321, 4.2304097382579675, 4.171390068556186, 4.1423374272348505, 4.081998923534079, 4.019809761505087, 3.9701436409718878, 3.9321385491246414, 3.9623977265277492, 3.8843300526152182, 3.9091444018017896, 3.9266260381992355, 3.832218674793525, 3.819785807831881, 3.8077549494268523, 3.758887422235706, 3.756398406964314, 3.7867933617362493, 3.7175374018492073, 3.7506135147583635, 3.7049628296230415, 3.6696259850942634, 3.7013842179302423, 3.6524171055872228, 3.6630364921777057, 3.645015749876006, 3.6259156811337934, 3.612350978931797, 3.6418960848941078, 3.6161931196094064, 3.575516365499939, 3.574430492482608, 3.6138577852319567, 3.5519579197535536, 3.5545270587573072, 3.5880709509306317, 3.5355492956024683, 3.540260633335838, 3.5229711875885346, 3.537287658905681, 3.506889644051403, 3.478720483523381, 3.5190857852561566, 3.4953707259164077, 3.496022948232884, 3.4956717852047223, 3.4258299403301273, 3.4588443699768323, 3.4208225527393163, 3.437724240218537, 3.422750531495372, 3.4618473495612165, 3.4569553697662516, 3.441474361887461, 3.4172169221604425, 3.3867628918921393, 3.382214111617849, 3.4144973299674346, 3.3720384950627755, 3.3987673225533612, 3.3878360158028986, 3.3776020784921283, 3.3757069505719697, 3.375894940352138, 3.4018140765936566, 3.3833099868352905, 3.342445508840215, 3.399135021972254, 3.3399633126419808, 3.3632591696228156, 3.3166061549247066, 3.3286306480818157, 3.353166408931153, 3.3075503929506374, 3.2929067529958007, 3.3194023913975004, 3.351115254158712, 3.3154926564120037, 3.3256842340598127, 3.288471167977852, 3.2934710898982824, 3.2914701986916457, 3.3070676165794017, 3.298816410172338, 3.288347900039536, 3.30266383277716, 3.262125457389445, 3.273405322797188, 3.266696918991548], "train_accuracy_list": [0.01480092853307724, 0.0276616383343935, 0.07576566934585571, 0.1157369464635849, 0.14480167627334595, 0.16779200732707977, 0.19273081421852112, 0.21771569550037384, 0.24621012806892395, 0.2713122069835663, 0.2933797836303711, 0.2999996542930603, 0.3128099739551544, 0.3113708198070526, 0.31306973099708557, 0.31710609793663025, 0.3156028985977173, 0.32065021991729736, 0.3224615454673767, 0.31823861598968506, 0.32403284311294556, 0.32204923033714294, 0.3174269199371338, 0.32756274938583374, 0.3280430734157562, 0.32501327991485596, 0.3282753527164459, 0.3252987265586853, 0.32535648345947266, 0.3303140103816986, 0.3234040141105652, 0.3292454779148102, 0.33682143688201904, 0.32795634865760803, 0.3354921042919159, 0.3333643674850464, 0.3363237977027893, 0.33454862236976624, 0.3351045846939087, 0.32958516478538513, 0.3296408951282501, 0.34001395106315613, 0.34238606691360474, 0.3366840183734894, 0.34161245822906494, 0.3418048322200775, 0.33630281686782837, 0.3371243178844452, 0.34097057580947876, 0.34181150794029236, 0.34178370237350464, 0.34175366163253784, 0.34200093150138855, 0.3392052948474884, 0.3452788293361664, 0.3404823839664459, 0.346996009349823, 0.3496415317058563, 0.3446168899536133, 0.3538428544998169, 0.34778863191604614, 0.3536494970321655, 0.3484855890274048, 0.3442733585834503, 0.34948211908340454, 0.3443268835544586, 0.3550970256328583, 0.3530276119709015, 0.354362815618515, 0.35142815113067627, 0.35299041867256165, 0.35227683186531067, 0.35403746366500854, 0.36040180921554565, 0.35461175441741943, 0.3543848693370819, 0.35226714611053467, 0.35662642121315, 0.3510144054889679, 0.35695526003837585, 0.3542391359806061, 0.35967618227005005, 0.3599243760108948, 0.3540705740451813, 0.36441269516944885, 0.3664059340953827, 0.36258968710899353, 0.35429927706718445, 0.35640037059783936, 0.35975736379623413, 0.36275941133499146, 0.361439973115921, 0.3659805357456207, 0.3629215657711029, 0.3611108064651489, 0.3597201704978943, 0.36372047662734985, 0.36408600211143494, 0.36652472615242004, 0.36247745156288147], "validation_loss_list": [7.146986484527588, 6.795871872213943, 6.554168666773174, 6.249693741252766, 6.065331837431115, 5.830778127879053, 5.641510020441084, 5.37664277280741, 5.123706141514565, 5.090282141272701, 4.913360955110237, 4.724113465541631, 4.6251630356062705, 4.634495633158518, 4.546375024378003, 4.537507850732377, 4.602085175205819, 4.57568316139392, 4.536302648373504, 4.54220208718409, 4.547265808380659, 4.5492180461314184, 4.481515223707133, 4.5104412356419346, 4.433234429478052, 4.516571907261711, 4.410989904878152, 4.4783671519056485, 4.435658285273841, 4.47985535474559, 4.488115024803883, 4.460560899468796, 4.474435871513329, 4.496114767605985, 4.386231298470379, 4.481219398441599, 4.435735612959411, 4.443153668991962, 4.441894112534784, 4.421203858816802, 4.628250812416646, 4.548538635619244, 4.397591505477678, 4.449645641431286, 4.519450920731274, 4.399203047230469, 4.4359575978559045, 4.453251414038055, 4.351739430308935, 4.439457007308505, 4.409800677750241, 4.3557573088366, 4.4379835188092285, 4.348372855589758, 4.424361540903499, 4.366389004745294, 4.474310404625698, 4.427064900374531, 4.3945239005397205, 4.462677553518494, 4.435957211167065, 4.400257195999373, 4.422709887300558, 4.490776789722158, 4.331942573708681, 4.341164556308765, 4.387567534375546, 4.255657835386286, 4.380196389867298, 4.24998774101485, 4.3917814937990105, 4.322985426110415, 4.417013555616882, 4.482124309634688, 4.434246169987009, 4.457869062376259, 4.394450144388189, 4.499880453840417, 4.405050287199257, 4.27569310404175, 4.446174752059861, 4.406021421228475, 4.351711532962856, 4.436362015074165, 4.352876860110914, 4.349808048846117, 4.4900949701147885, 4.420747921834538, 4.415907118450943, 4.2555879538332055, 4.4080366441859535, 4.380711194887684, 4.422434821057675, 4.353845959279075, 4.455417478855569, 4.489333378141792, 4.379124207283134, 4.401814996899657, 4.371733824412028, 4.488103356527452],