{"train_loss_list": [1.3066279534370668, 0.277533117549554, 0.2160839891882353, 0.17308048317108743, 0.13997688554027068, 0.11289757713024574, 0.10289633790211332, 0.09790075736330642, 0.08847538952875922, 0.085971044532464, 0.08372674069695316, 0.08542567736016066, 0.08888623853976417, 0.08691640319377784, 0.08845846489320949, 0.0795400492214818, 0.07768799070793364, 0.07916719261588158, 0.0793297993060219, 0.07838239286139342], "train_accuracy_list": [0.5835005044937134, 0.9588993787765503, 0.9622683525085449, 0.9641408324241638, 0.9689011573791504, 0.9736199378967285, 0.9751669764518738, 0.9762142300605774, 0.9788727164268494, 0.9797967672348022, 0.9808676838874817, 0.9804686903953552, 0.9796926975250244, 0.9797661900520325, 0.9801819920539856, 0.9804604053497314, 0.9809130430221558, 0.9803614616394043, 0.9810150861740112, 0.981651782989502], "validation_loss_list": [0.31170128579392575, 0.2258808110473734, 0.18351138656902494, 0.14043631059860792, 0.131797627508264, 0.12305456388393661, 0.10984947595914657, 0.12047754325304237, 0.1049369035871944, 0.11572372088340496, 0.0870453295094488, 0.10555478019670424, 0.1011521850343361, 0.1105089104026462, 0.09154982876704036, 0.1205559246661847, 0.09008902695231055, 0.11466125652371587, 0.10263062257706564, 0.1094366158100052], "val_accuracy_list": [0.9633082151412964, 0.9637458324432373, 0.9652549028396606, 0.9726996421813965, 0.9703872203826904, 0.9751757383346558, 0.9782360196113586, 0.977607250213623, 0.9794791340827942, 0.9792110323905945, 0.983315110206604, 0.9804767370223999, 0.9809273481369019, 0.9814639687538147, 0.9820799231529236, 0.9808384776115417, 0.985322892665863, 0.9805508852005005, 0.9819024801254272, 0.9804465770721436], "baseline_loss_list": [4.489547252655029, 4.4914469718933105, 4.4915080070495605, 4.4904022216796875, 4.493678092956543, 4.490071773529053, 4.4902262687683105, 4.495965003967285, 4.490039825439453, 4.49364709854126, 4.494326591491699, 4.485507011413574, 4.495094299316406, 4.487621784210205, 4.483433246612549, 4.487486839294434, 4.48723030090332, 4.4881911277771, 4.486278057098389, 4.488265037536621], "val_baseline_accuracy_list": [0.23534375429153442, 0.2334444224834442, 0.2333829700946808, 0.23448951542377472, 0.23121346533298492, 0.23481883108615875, 0.23466549813747406, 0.2289256453514099, 0.23485080897808075, 0.23124438524246216, 0.23056387901306152, 0.23938602209091187, 0.22979781031608582, 0.23726904392242432, 0.2414580136537552, 0.2374028116464615, 0.23765979707241058, 0.2367004007101059, 0.23861314356327057, 0.2366262525320053]}