{"train_loss_list": [6.588582220776328, 5.910684992527139, 5.538554415620607, 5.3404237268299894, 5.210405518268717, 4.990087076507765, 4.7783296555280685, 4.42419362684776, 3.9649164948997826, 3.5013696258438043, 3.1093097246926407, 2.81232115934635, 2.563649450396669, 2.435794405382255, 2.3613285458293456, 2.3535402427459586, 2.353001428575351, 2.362662206692942, 2.366891957048712, 2.3610137467240464, 2.3595548043477126, 2.364371653003939, 2.4072840385909737, 2.333425590190394, 2.3354396434693503, 2.3247906208552163, 2.317486780727732, 2.3245711288061637, 2.2906027027759057, 2.288967306500879, 2.27044418094487, 2.2660370088856796, 2.1979329532076575, 2.1607100979007523, 2.1217212561389496, 2.050726023213617, 2.012067425867607, 1.9560675859965126, 1.9420941975610009, 1.8950112392676288, 1.8695776598720715, 1.8261156840057209, 1.7892728404238307, 1.803175285972398, 1.7740205649671883, 1.7811012332295548, 1.7852520626680604, 1.8112212627612312, 1.7834128734880481, 1.802188137738869, 1.7458969593561928, 1.7932900555174927, 1.8097277275961021, 1.8055749001174137, 1.8087675884879868, 1.7933139472172177, 1.8078477061514198, 1.8025683958468766, 1.8561713400072064, 1.8142329600864444, 1.7840177131624058, 1.8025501758374016, 1.8440696982474163, 1.8735530720702533, 1.8095407262444496, 1.7609406663426037, 1.7790572778161229, 1.8086230135683357, 1.8638746854046295, 1.859545042545631, 1.9138894886549176, 1.8970431305211166, 1.8967105533028472, 1.8669019392852126, 1.8657762261814084, 1.888671096542786, 1.8485088060642112, 1.7718277317953521, 1.8171286883539166, 1.8214087550496232, 1.8415013496474972, 1.794224695527348, 1.8055284666860927, 1.8683004582236553, 1.8239589343810905, 1.8970470107321082, 1.9255964303838795, 1.8707709376668107, 1.9021966490766098, 1.8973410395455772, 1.9339328788477799, 1.973725696319136, 1.856186174627008, 1.860199897582161, 1.8788597637723232, 1.8835120415636177, 1.9212215646844486, 1.9269752651453018, 1.8672485842273152, 1.9114167100653565], "train_accuracy_list": [0.0030949623323976994, 0.011112425476312637, 0.01700979843735695, 0.019754640758037567, 0.024807380512356758, 0.04458043351769447, 0.07230629026889801, 0.10190925002098083, 0.1268399953842163, 0.1467415988445282, 0.1530957818031311, 0.15727123618125916, 0.165617898106575, 0.16833984851837158, 0.17670027911663055, 0.1806090921163559, 0.18285579979419708, 0.18042787909507751, 0.18532626330852509, 0.18462325632572174, 0.18215051293373108, 0.18622076511383057, 0.188548743724823, 0.18849575519561768, 0.19502829015254974, 0.1932353377342224, 0.19895948469638824, 0.19734519720077515, 0.1991758793592453, 0.21318696439266205, 0.22730574011802673, 0.23027494549751282, 0.2524782121181488, 0.2722122371196747, 0.2837294340133667, 0.309866726398468, 0.32711684703826904, 0.35166966915130615, 0.352079838514328, 0.38051003217697144, 0.3891480267047882, 0.4058464765548706, 0.42004743218421936, 0.42429888248443604, 0.43618878722190857, 0.43976253271102905, 0.44230592250823975, 0.452044278383255, 0.4544254243373871, 0.4526357650756836, 0.47659626603126526, 0.46459147334098816, 0.4677228629589081, 0.4760858416557312, 0.47463458776474, 0.4862769544124603, 0.4794381856918335, 0.4782874286174774, 0.4847049117088318, 0.49414530396461487, 0.5003434419631958, 0.5028471946716309, 0.4939132332801819, 0.49615776538848877, 0.5005480051040649, 0.5099686980247498, 0.5100769400596619, 0.5026051998138428, 0.485965758562088, 0.4926225543022156, 0.4873899817466736, 0.4963163435459137, 0.49427229166030884, 0.5014926791191101, 0.4937146306037903, 0.48836228251457214, 0.5003237724304199, 0.5128725171089172, 0.5028783679008484, 0.5036662220954895, 0.5029105544090271, 0.5133160948753357, 0.5054705142974854, 0.5051630139350891, 0.5113937258720398, 0.5007420778274536, 0.49528437852859497, 0.5078256726264954, 0.49877217411994934, 0.5076869130134583, 0.5007414221763611, 0.4830835163593292, 0.5118400454521179, 0.5008186101913452, 0.503970742225647, 0.5031888484954834, 0.5001257061958313, 0.4998684227466583, 0.506028950214386, 0.5014696717262268], "validation_loss_list": [6.597791895866394, 6.419335479736328, 6.350461750030518, 6.142229042053223, 5.78016496181488, 5.38240711927414, 4.774114978313446, 4.194559321403504, 3.698744080066681, 3.173777687549591, 2.810313539505005, 2.5291461372375488, 2.4443418073654173, 2.390243635177612, 2.497350673675537, 2.43563201546669, 2.4967771625518798, 2.476051290035248, 2.4136196637153624, 2.4606623673439025, 2.4398440504074097, 2.4654333448410033, 2.455684071779251, 2.486070005893707, 2.4753026485443117, 2.490838750600815, 2.488624210357666, 2.4256599283218385, 2.4497897458076476, 2.44719314455986, 2.4267672538757323, 2.354569298028946, 2.3048531329631805, 2.220599339008331, 2.214308947324753, 2.089540030956268, 2.066613291501999, 2.028154994249344, 2.0019206905364992, 1.9322774851322173, 1.8277808594703675, 1.8659041106700898, 1.8135128796100617, 1.8331196892261505, 1.7017976224422455, 1.8143301498889923, 1.7718549716472625, 1.7879875707626343, 1.7613016891479492, 1.7376018071174621, 1.7287260329723357, 1.8117278027534485, 1.8071215069293975, 1.7745356369018555, 1.7065059250593186, 1.6992897808551788, 1.7290834242105484, 1.8021888601779938, 1.7324855387210847, 1.7067471081018448, 1.6962954270839692, 1.7660201382637024, 1.7683532011508942, 1.7046382910013198, 1.7112946248054504, 1.7371830302476883, 1.8013292062282562, 1.81097716152668, 1.7920898258686067, 1.827106471657753, 1.7855873787403107, 1.7156267809867858, 1.7563296431303024, 1.7458062767982483, 1.7725672894716262, 1.7607835417985915, 1.8143830275535584, 1.7913746798038483, 1.8108052802085877, 1.7572110080718994, 1.8509405773878098, 1.693642354607582, 1.8346503084897996, 1.7820144098997117, 1.874983909726143, 1.7596076971292496, 1.790987290740013, 1.747217828631401, 1.841173867583275, 1.7354648518562317, 1.888365590572357, 1.7861335068941115, 1.8938510179519654, 1.8854460275173188, 1.8427725249528886, 1.9733833807706833, 1.9107883757352828, 1.8939770686626434, 1.9288118779659271, 1.8206221330165864],