{"train_loss_list": [6.749210601703888, 5.826733370019932, 5.5874455523678215, 5.414184861980571, 5.247370313179881, 5.089310244143879, 4.93498392444936, 4.853152872068446, 4.744198500775595, 4.681189824167459, 4.579271661178297, 4.482900160464106, 4.402870724765807, 4.300300105787421, 4.286487731735581, 4.2442878300092035, 4.15069225514109, 4.174866066369678, 4.0346424948888195, 4.0174552404251695, 3.9218196860868924, 3.9290127850542165, 3.8150100995662104, 3.788122358145537, 3.760701981457797, 3.7098094417591287, 3.6837879883587425, 3.647673316676207, 3.6370053477292643, 3.611841977244676, 3.608517940196927, 3.5185135115945645, 3.56188802539834, 3.5333655078536865, 3.5462762343495515, 3.486526665596582, 3.4562771298936186, 3.4713231325149536, 3.4097042680455645, 3.466187590166642, 3.401401869241905, 3.3971282986278086, 3.3955575708053196, 3.3852160928225277, 3.3944601604566564, 3.3849667758920243, 3.3574831200769855, 3.3941333502631394, 3.346968174984158, 3.3420446415407756, 3.297673412445017, 3.324545301438448, 3.342675142416649, 3.296131423560591, 3.285914304280522, 3.2858258049629887, 3.2923728385490736, 3.305601902147201, 3.226739743609487, 3.288742345056416, 3.2462351105429907, 3.2246640406875096, 3.2355779798745306, 3.2328141491554936, 3.241983244180947, 3.2537567204096502, 3.2209374612964496, 3.214385103965314, 3.2045359504477076, 3.195723985314503, 3.2145393359005516, 3.18125391019849, 3.1900234494011275, 3.174162744673013, 3.171028314214764, 3.1465624794280354, 3.1522794688992226, 3.1611171471149433, 3.1536337264325347, 3.1430358916153143, 3.163941356068107, 3.144873502546154, 3.1436815130723983, 3.1220186029620445, 3.127495838201675, 3.1073112396813936, 3.1399007690474643, 3.121834454846837, 3.0710277545331706, 3.097878702695656, 3.1255692161962507, 3.1176985761800866, 3.096835815277699, 3.08814892637743, 3.0894349244842356, 3.0807206735065087, 3.0789329834391106, 3.0652066425040916, 3.070065183805429, 3.0748136600126186], "train_accuracy_list": [0.05070916935801506, 0.05629138648509979, 0.07455513626337051, 0.08555532991886139, 0.10468500852584839, 0.12126785516738892, 0.1416376531124115, 0.15168900787830353, 0.17051318287849426, 0.1758510023355484, 0.1871652901172638, 0.2083321362733841, 0.21938103437423706, 0.23542627692222595, 0.24366919696331024, 0.25032660365104675, 0.26304736733436584, 0.26528534293174744, 0.2817063331604004, 0.2939925491809845, 0.299153208732605, 0.3061947822570801, 0.3164523243904114, 0.3229295015335083, 0.3268220126628876, 0.3316884934902191, 0.3336598575115204, 0.3352215588092804, 0.33942198753356934, 0.3400847315788269, 0.3462724983692169, 0.3532642126083374, 0.3486216366291046, 0.3474440276622772, 0.34750398993492126, 0.34883084893226624, 0.3536377549171448, 0.35625743865966797, 0.36081162095069885, 0.35254916548728943, 0.3576743006706238, 0.36189141869544983, 0.3577483296394348, 0.35332822799682617, 0.35856369137763977, 0.36043447256088257, 0.3642504811286926, 0.35378706455230713, 0.3614989221096039, 0.35666266083717346, 0.36235836148262024, 0.3667307496070862, 0.3558092713356018, 0.3650189936161041, 0.3655117154121399, 0.36483296751976013, 0.3634806275367737, 0.36370977759361267, 0.3684042692184448, 0.36183106899261475, 0.3660759925842285, 0.37191981077194214, 0.3712364733219147, 0.3645726442337036, 0.36346685886383057, 0.3619040250778198, 0.37341952323913574, 0.3710145950317383, 0.3761860132217407, 0.3692048490047455, 0.36940720677375793, 0.3706715703010559, 0.3781571388244629, 0.3688306212425232, 0.3732133209705353, 0.3769688606262207, 0.37155091762542725, 0.3726028501987457, 0.3742244243621826, 0.3762218952178955, 0.3762144446372986, 0.36976614594459534, 0.3712841272354126, 0.37565240263938904, 0.3772784471511841, 0.37424513697624207, 0.36610209941864014, 0.37234246730804443, 0.3804129958152771, 0.3772983253002167, 0.3788706064224243, 0.37002429366111755, 0.3733016550540924, 0.3763944208621979, 0.3805276155471802, 0.3753657639026642, 0.38006705045700073, 0.3828880190849304, 0.37518492341041565, 0.3791724145412445], "validation_loss_list": [6.014972174105867, 5.848898865398348, 5.8274247275732955, 5.736492231102187, 5.675862743446864, 5.682509931257969, 5.582844293179289, 5.579630373673118, 5.431587940670665, 5.375733681911014, 5.276216166007086, 5.238412083739444, 5.18697527900261, 5.0403583358606525, 5.0670859097199115, 5.070178123335764, 4.927625643774635, 4.885012545116207, 4.82874992721439, 4.706197466874987, 4.6536307273133435, 4.61536649657037, 4.626674720042728, 4.5752894026010145, 4.571459514489446, 4.531228532445246, 4.516766736544476, 4.387330608664399, 4.470655155923082, 4.3516123319536915, 4.51244697916693, 4.391094994668516, 4.336510566849783, 4.431987948985915, 4.269125493696934, 4.203911488537961, 4.290042194060093, 4.220694572196723, 4.263317822174705, 4.259952524165415, 4.155763120231233, 4.15563296283465, 4.0732686186083855, 4.077540657063222, 4.107596633347822, 4.148772947528819, 3.9765899292545615, 4.092667338761641, 4.100048438255033, 3.9621887670279783, 3.8530058737245865, 3.948538737593537, 3.963720468659475, 3.9386364678644763, 3.9061794355125623, 3.8842939119882534, 3.887804872631409, 3.884543604801356, 3.8081722148341837, 3.815484345885756, 3.808741273039981, 3.7712329601376786, 3.7789500179686075, 3.702358236584639, 3.9190197120676387, 3.773527019382141, 3.804972883333196, 3.8394238300274073, 3.713195624746807, 3.7412839707932943, 3.7184004845396843, 3.7888123062608154, 3.761208230349684, 3.6773473771742586, 3.7818613719446055, 3.664173044688961, 3.6996714926754253, 3.685455225292265, 3.6815744675502877, 3.6608552092715247, 3.8145994170342084, 3.680453335065298, 3.74218051297677, 3.660335042316061, 3.71235655132353, 3.660840469320821, 3.640741958519338, 3.6659744292343217, 3.6224437266433793, 3.6613129309421995, 3.6824558510063845, 3.744996263573207, 3.6965676447270446, 3.649546066714074, 3.6958242765980063, 3.5892335627363137, 3.6812235506087387, 3.6510749610594515, 3.598862226145255, 3.68163830258068],