{"train_loss_list": [4.953277432021275, 4.277419976265199, 3.769090986251831, 3.3629390050006167, 3.0288482676270188, 2.8273210815204086, 2.632322234235784, 2.486695309351849, 2.431503579437092, 2.3576983310843027, 2.310113052911656, 2.1565836578287105, 2.0163008748844105, 1.8940548325097688, 1.7042613412744256, 1.5661684261855258, 1.4610293294793817, 1.313923547473005, 1.2379901159194209, 1.1206363071677505], "train_accuracy_list": [0.019179167225956917, 0.09466931223869324, 0.16508446633815765, 0.19873620569705963, 0.2238026261329651, 0.23464496433734894, 0.23721736669540405, 0.2485867291688919, 0.2481468915939331, 0.25460147857666016, 0.2648756802082062, 0.3136555552482605, 0.35978323221206665, 0.4005642235279083, 0.45789214968681335, 0.5055126547813416, 0.5445416569709778, 0.591224730014801, 0.6236293315887451, 0.6631708145141602], "validation_loss_list": [4.429236773288611, 3.942881926141604, 3.4689463124130713, 3.12395549783803, 2.856633518681382, 2.7344883463599463, 2.6486719039955524, 2.564800742900733, 2.4702141561893503, 2.4210562561497544, 2.300302605436306, 2.144931451238767, 1.9347465700573392, 1.7922988154671409, 1.6526344075347439, 1.4682466164983885, 1.323586009969615, 1.1733424741812426, 1.1175728663049562, 1.0233392522792624], "val_accuracy_list": [0.06963121891021729, 0.1485539972782135, 0.19416651129722595, 0.2210719883441925, 0.2361416071653366, 0.2371496707201004, 0.23894290626049042, 0.23909316956996918, 0.2513689696788788, 0.25630903244018555, 0.2799830138683319, 0.32416558265686035, 0.36625102162361145, 0.4145366847515106, 0.4657105803489685, 0.5307421088218689, 0.5745598673820496, 0.6285926103591919, 0.6457402110099792, 0.6820904016494751], "baseline_loss_list": [5.070760726928711, 5.065078258514404, 5.052765369415283, 5.065295696258545, 5.05869722366333, 5.069581031799316, 5.062870979309082, 5.07090950012207, 5.060301303863525, 5.059159278869629, 5.0612359046936035, 5.062246799468994, 5.0589823722839355, 5.061583995819092, 5.063729286193848, 5.06926155090332, 5.0597758293151855, 5.061205863952637, 5.068957805633545, 5.066222667694092], "val_baseline_accuracy_list": [0.25574588775634766, 0.2614285349845886, 0.2737429141998291, 0.2612113058567047, 0.2678107023239136, 0.25692659616470337, 0.2636352777481079, 0.2555983364582062, 0.26620644330978394, 0.26734861731529236, 0.26527220010757446, 0.264259397983551, 0.26752573251724243, 0.26492342352867126, 0.2627776563167572, 0.2572455406188965, 0.26673227548599243, 0.2653016746044159, 0.2575504779815674, 0.26028481125831604]}