{"train_loss_list": [0.882216634288911, 0.6728637712617074, 0.5054598032466827, 0.2938858198462635, 0.1891383328424987, 0.1546764347802407, 0.14248947580895757, 0.13281366371759964, 0.11900207731692541, 0.11961813997978005, 0.11632430074981824, 0.11561880839527935, 0.10999551712064654, 0.11821737078103607, 0.10961972678640998, 0.11408825384725826, 0.10376450826053417, 0.1026631031976512, 0.10313322550957642, 0.09277495734433654], "train_accuracy_list": [0.5525910258293152, 0.6316623687744141, 0.7671465873718262, 0.8864309191703796, 0.9380596876144409, 0.9529865980148315, 0.9575658440589905, 0.9603614807128906, 0.9648049473762512, 0.9644113779067993, 0.9656890034675598, 0.9669737219810486, 0.9679607152938843, 0.9675637483596802, 0.9699856638908386, 0.9693053960800171, 0.9711941480636597, 0.971230149269104, 0.9710633754730225, 0.9731510281562805], "validation_loss_list": [0.6772304719144647, 0.5738467002155805, 0.3407533737746152, 0.2289077453315258, 0.1476670339553043, 0.13612618777110722, 0.12425305911179896, 0.13341892331913865, 0.12951506988023115, 0.1284644722637504, 0.12413872729968091, 0.10051443632645062, 0.12497252552426712, 0.14372838017615405, 0.12377817716597664, 0.11120147626456627, 0.0982330392063078, 0.11122190360875914, 0.11322727500733853, 0.1021198049055958], "val_accuracy_list": [0.6155657768249512, 0.7247753739356995, 0.870945930480957, 0.9329560399055481, 0.9602695107460022, 0.9702274203300476, 0.9706828594207764, 0.9671392440795898, 0.9734141826629639, 0.9719619154930115, 0.9738243818283081, 0.9768885374069214, 0.972746729850769, 0.9638182520866394, 0.9731920957565308, 0.976170003414154, 0.9775698184967041, 0.9748350977897644, 0.9756098389625549, 0.9786755442619324], "baseline_loss_list": [4.138027191162109, 4.123234748840332, 4.134241104125977, 4.139084815979004, 4.144809246063232, 4.1339216232299805, 4.131680488586426, 4.137511730194092, 4.139631271362305, 4.13005256652832, 4.1266560554504395, 4.128355503082275, 4.137986183166504, 4.1419219970703125, 4.131744861602783, 4.144944667816162, 4.143338680267334, 4.14229679107666, 4.14361572265625, 4.1284308433532715], "val_baseline_accuracy_list": [0.5414938926696777, 0.5562851428985596, 0.5452784299850464, 0.5404350757598877, 0.5347108244895935, 0.545599102973938, 0.5478388667106628, 0.5420068502426147, 0.539888322353363, 0.5494670271873474, 0.5528608560562134, 0.5511649250984192, 0.5415334701538086, 0.5375973582267761, 0.5477745532989502, 0.5345739126205444, 0.5361811518669128, 0.5372220277786255, 0.5359041094779968, 0.5510877966880798]}