{"train_loss_list": [6.588970094086021, 6.02540851818618, 5.630900214820779, 5.456447747958603, 5.425066032204577, 5.665165547401674, 5.198793346138411, 4.811703178959508, 4.4204427293551865, 3.941079302757017, 3.5017564922250726, 3.092348091576689, 2.782500981771818, 2.545109849847773, 2.4114523236469556, 2.3231534834830994, 2.3096886696354035, 2.3250058563806677, 2.311989185630634, 2.353986826763358, 2.307752081912051, 2.3231746312110655, 2.320418382716435, 2.328335233401227, 2.32739575780848, 2.328885280445058, 2.3563531483373334, 2.3230364699517527, 2.3276234757515692, 2.3173767546171784, 2.348447128008771, 2.3707400152760165, 2.3693398842247584, 2.408128881198104, 2.382063001714727, 2.381665648439879, 2.367456127494894, 2.4097826186046807, 2.3953715052655946, 2.435196058468152, 2.4253831686512117, 2.4276004342622652, 2.391835342427736, 2.4365391126243017, 2.4105020023161363, 2.43640877508348, 2.445801673396941, 2.46203397140708, 2.4593809068843884, 2.470050702556487, 2.4931110730735204, 2.4930065026847266, 2.5119966881249542, 2.5068251153474215, 2.5062876711609543, 2.498262586901265, 2.536650369500601, 2.4957911050447854, 2.5380709212313417, 2.5176866964627336, 2.5227042972400624, 2.520698981131277, 2.535864826171629, 2.5450167181671306, 2.5449104734646375, 2.5389995157077747, 2.556049879648352, 2.5584392268170593, 2.565475728947629, 2.5838486220247003, 2.5742195278085687, 2.563663668786326, 2.6098702840907597, 2.5533496974616923, 2.5512108092666956, 2.537643332891567, 2.5669607608549057, 2.519912936866924, 2.5692432641983034, 2.56241471229061, 2.540038816134135, 2.571267073128813, 2.6092200912455077, 2.511854399147854, 2.556103459224906, 2.5921929003089987, 2.5422768190342895, 2.555232350544263, 2.55953282079389, 2.5204732674424366, 2.6115959557153845, 2.5365542645095496, 2.5549545275267733, 2.541814600011354, 2.5474741561438448, 2.603551443674231, 2.600577965859444, 2.5740499947660713, 2.5603467751574773, 2.5951278058431484], "train_accuracy_list": [7.052838191157207e-05, 0.0021710617002099752, 0.005980127491056919, 0.01088082604110241, 0.017784221097826958, 0.022937573492527008, 0.03626430407166481, 0.05357147008180618, 0.08635295182466507, 0.11286432296037674, 0.14271613955497742, 0.15124347805976868, 0.15356959402561188, 0.15661904215812683, 0.15943455696105957, 0.16347315907478333, 0.16659225523471832, 0.16423451900482178, 0.16562727093696594, 0.16728265583515167, 0.1688154637813568, 0.16642360389232635, 0.16848672926425934, 0.17563287913799286, 0.17274615168571472, 0.1736597865819931, 0.17170418798923492, 0.17389421164989471, 0.17479334771633148, 0.17736266553401947, 0.17441292107105255, 0.17508921027183533, 0.17544147372245789, 0.17408081889152527, 0.1773611158132553, 0.17685948312282562, 0.17347648739814758, 0.1752598136663437, 0.1772860437631607, 0.17694354057312012, 0.17142541706562042, 0.1735461801290512, 0.1733516901731491, 0.17386884987354279, 0.17374883592128754, 0.17366884648799896, 0.17497611045837402, 0.16802003979682922, 0.17110252380371094, 0.17045386135578156, 0.17342700064182281, 0.17149165272712708, 0.1683296114206314, 0.17030000686645508, 0.1638573855161667, 0.17205114662647247, 0.16921466588974, 0.16834980249404907, 0.16728943586349487, 0.17089001834392548, 0.1718137115240097, 0.16783872246742249, 0.17068947851657867, 0.17176492512226105, 0.1692829430103302, 0.16827501356601715, 0.16583001613616943, 0.16647830605506897, 0.17568956315517426, 0.16996707022190094, 0.17349302768707275, 0.16747575998306274, 0.16824257373809814, 0.16849219799041748, 0.17212608456611633, 0.17494595050811768, 0.16902625560760498, 0.17054018378257751, 0.17289036512374878, 0.16919739544391632, 0.17539863288402557, 0.17201672494411469, 0.17223036289215088, 0.1698354184627533, 0.17265591025352478, 0.17126436531543732, 0.17424364387989044, 0.1740722954273224, 0.1728852242231369, 0.1745624840259552, 0.1745816022157669, 0.1760219782590866, 0.17297837138175964, 0.17603237926959991, 0.1702239066362381, 0.17336750030517578, 0.171422079205513, 0.17562223970890045, 0.1712065041065216, 0.17132402956485748], "validation_loss_list": [6.632051901383833, 6.662176021421798, 6.722735034094916, 6.73331970638699, 6.4335540039370755, 5.505649142795139, 4.824792373059976, 4.408683314467922, 3.958018649708141, 3.5540359766796383, 3.1962246292769305, 2.802369059938373, 2.5224035388291486, 2.4185585638489386, 2.3498220467808273, 2.3906177378664113, 2.411923146007037, 2.380555427435673, 2.415144525393091, 2.391688910397616, 2.4178660734735353, 2.4288634579591077, 2.468268223483153, 2.4379524534398858, 2.4634431118916984, 2.526999689111806, 2.4876777138372863, 2.465620320252698, 2.5293081770039567, 2.5112682303997, 2.508551022019049, 2.5881292217909686, 2.6175628695825135, 2.558975399142564, 2.5401144557529025, 2.569292576626094, 2.573894500732422, 2.5753261176022617, 2.6497860797727952, 2.666215535366174, 2.6327338315019704, 2.6273031595981484, 2.664701735130464, 2.680750628914496, 2.6408688383873065, 2.657054809608845, 2.713252938154972, 2.7050230406751536, 2.723731077078617, 2.773351854748196, 2.7593483274633233, 2.748275304081464, 2.806519790129228, 2.7686290837297536, 2.8255927225556037, 2.843579256173336, 2.825934475118464, 2.8956018939162744, 2.873041499744762, 2.867801211097024, 2.9170226617292925, 2.9026745569826375, 2.9346505656386865, 2.9151392825926195, 2.936476721908107, 2.9222153340927277, 3.0170499941315314, 3.003267191877269, 3.0153958604793356, 3.0265142917633057, 3.0435080167019004, 3.056325430821891, 2.9801174751435866, 3.070159743530582, 3.0633863993365353, 3.0079596789196286, 2.978488139431886, 3.059243748886417, 2.9910064177079634, 2.971569709103517, 3.126078198654483, 3.154936453308722, 2.9394790644597526, 3.0468206646466496, 3.1987984421277287, 3.0347789465779007, 3.0837690709817287, 3.0735563846549603, 3.0574572170623626, 3.1597402432952264, 2.9907370191631895, 3.036098175578647, 3.0841996838348082, 3.0795778240820373, 3.15259975616378, 3.085437227981259, 3.0957706721142086, 3.0601339701450234, 3.157363944583469, 3.1341839270158247],