{"train_loss_list": [8.677537946514823, 7.453196557918286, 7.023109548015928, 6.6232621667318945, 6.277883885453196, 5.993736734370656, 5.767181989957961, 5.510971872804099, 5.324586513476161, 5.130772505365197, 4.936395727105645, 4.8211584493043125, 4.663951688288172, 4.559075297946675, 4.511204948160656, 4.52781944051921, 4.4183802439277, 4.386879340105165, 4.315618064641217, 4.319815837957141, 4.264264081389417, 4.220678185509998, 4.22996134980977, 4.203913616864556, 4.214089426940416, 4.1155737705858, 4.104740143189817, 4.102912030754207, 4.108023630629341, 4.083052586185969, 4.077590718788821, 4.050575447964643, 4.007989107521073, 4.035706160614939, 4.033156584370173, 3.9907375643946774, 3.979901513117313, 3.978119204982824, 3.9776289616189784, 3.9250588599603935, 3.918957173885569, 3.874191125764876, 3.90840428963472, 3.8906260976320914, 3.8950352625881166, 3.882949485563178, 3.8550144000264135, 3.892381856522359, 3.842195574328196, 3.8383637203587044, 3.7964727725423986, 3.8526086481355075, 3.7904614848443683, 3.8066070625005253, 3.81711486885506, 3.777120910715101, 3.770087776914285, 3.751967308577629, 3.7684197690479557, 3.791062790590347, 3.73599081857844, 3.7442606418007816, 3.7371705407841476, 3.740862713075738, 3.707396512286391, 3.721536515918077, 3.703407636649317, 3.6743018758260213, 3.6712512207913375, 3.6274789696729686, 3.681555590306132, 3.6544257403645215, 3.669645720493634, 3.69052468578715, 3.657706240343288, 3.6709073529581615, 3.646327370729868, 3.6301451773217135, 3.6381313882898327, 3.6169247298912057, 3.6470469895516735, 3.6154579878588495, 3.612410913513474, 3.6022825738508923, 3.584842250378992, 3.577901326985178, 3.586303214497581, 3.56650574087239, 3.548671084832312, 3.533307947823347, 3.569390786637505, 3.5837757009151416, 3.5279388457138516, 3.5749153355777814, 3.538421876996541, 3.5549872192302443, 3.51120314629938, 3.547342089807877, 3.559432982663334, 3.5042110888587974], "train_accuracy_list": [0.018772820010781288, 0.01856677420437336, 0.03234972804784775, 0.06178966164588928, 0.08229567855596542, 0.11291012912988663, 0.14024199545383453, 0.17278623580932617, 0.20011945068836212, 0.2366999387741089, 0.26472559571266174, 0.27965155243873596, 0.29260924458503723, 0.3004441559314728, 0.30109357833862305, 0.2928315997123718, 0.30265018343925476, 0.30343160033226013, 0.3029821813106537, 0.30550551414489746, 0.3035389482975006, 0.3093372583389282, 0.3110675513744354, 0.3094993829727173, 0.30441445112228394, 0.3109394609928131, 0.3135862648487091, 0.3079533278942108, 0.31218865513801575, 0.30991697311401367, 0.3081589341163635, 0.3135800063610077, 0.3127712607383728, 0.31319859623908997, 0.31140077114105225, 0.31539297103881836, 0.31895825266838074, 0.31692856550216675, 0.3181684613227844, 0.32125169038772583, 0.32048702239990234, 0.32388466596603394, 0.3247607350349426, 0.32439544796943665, 0.32347941398620605, 0.32457005977630615, 0.32605740427970886, 0.31599095463752747, 0.3233902156352997, 0.32394298911094666, 0.3305222988128662, 0.3223884701728821, 0.32834744453430176, 0.32528549432754517, 0.329598605632782, 0.33049896359443665, 0.3279455602169037, 0.3322904109954834, 0.32440051436424255, 0.3243785798549652, 0.33395740389823914, 0.3291498124599457, 0.3322789967060089, 0.3336276710033417, 0.3344097137451172, 0.33594653010368347, 0.3349035978317261, 0.3382119834423065, 0.338986337184906, 0.3474412262439728, 0.3371831178665161, 0.3392983675003052, 0.34115374088287354, 0.33901479840278625, 0.3367568552494049, 0.33533716201782227, 0.3426326513290405, 0.34238919615745544, 0.3395877778530121, 0.3401728570461273, 0.33773308992385864, 0.3458790183067322, 0.34050464630126953, 0.3469005227088928, 0.3441626727581024, 0.3502785563468933, 0.3479524552822113, 0.3527454137802124, 0.34917667508125305, 0.3522442579269409, 0.3497548997402191, 0.3454444110393524, 0.3529219627380371, 0.34718719124794006, 0.350361168384552, 0.3497525751590729, 0.3564521372318268, 0.3515232503414154, 0.35280171036720276, 0.3514881432056427], "validation_loss_list": [8.021617855181534, 7.604705374777032, 7.333122741662715, 7.216341461291154, 6.93239595673301, 6.6179532046523395, 6.511555653439754, 6.145265312286085, 5.875669815893949, 5.725654365913719, 5.4521920817890805, 5.471063848887904, 5.287042857357189, 5.270468553287561, 5.156388573669361, 5.209453791522524, 5.2266729243064045, 5.210719658427261, 5.088458100004059, 5.035611952320811, 5.157455088419207, 5.141319171093297, 4.98777439947904, 5.032248974987194, 5.134171710630353, 5.058331353812697, 5.038648234600085, 5.111888470261861, 5.128487265281129, 4.97425923849407, 5.03468708672592, 5.02635676096501, 5.046396589735478, 5.136844913354901, 5.040949135876158, 5.074600269919948, 5.079186827372136, 5.014103868931675, 5.085306542912169, 5.048706322765806, 4.946207121798866, 5.05802745454049, 5.050187812467511, 5.128716376409576, 4.936306266693407, 4.983874200063459, 4.977628098720569, 5.020472845962743, 5.080834655670458, 5.133874912581375, 5.085192919918224, 4.966060755925886, 4.990926374088634, 4.974629767203445, 5.075844066565117, 5.037256060604844, 5.037320796382485, 5.124222814751584, 5.079532526326521, 4.979717680141686, 4.958880350350193, 5.098078510978005, 5.009373007778916, 5.005450702740245, 5.024686417511205, 5.134993728838469, 4.951398224351509, 4.982823490526117, 5.123634664635909, 5.041585894863001, 5.082650951221229, 5.111968783100256, 5.122685344595658, 5.13964828235681, 5.0470489440352155, 5.067444087785967, 5.162615166896838, 5.144043941817215, 5.235693725102256, 4.998590703215895, 5.131687860169479, 5.168494030619352, 5.140505221471832, 5.236766304125626, 5.11225045126591, 5.112905131572742, 5.143349719389774, 5.198898493388053, 5.074329380783738, 5.201206459383075, 5.207090109729311, 5.113721565766768, 5.045721958698839, 5.18964769965724, 5.213063934773349, 5.004778129632393, 5.251834727930681, 5.104920584619331, 5.264664404700247, 5.142800044785276],