{"train_loss_list": [4.678684707610838, 2.477780933630082, 1.2646136668981403, 0.6184204793905699, 0.29074917424730556, 0.14239481489789943, 0.0806969175175313, 0.0662834755788427, 0.05485159714646157, 0.04490165128832638, 0.03489156259744558, 0.028800559690490026, 0.02617537498080437, 0.0270733642220054, 0.023700995867826567, 0.022826144137446047, 0.02181486262124181, 0.018200283592308044, 0.020777505473444997, 0.019034576627257015], "train_accuracy_list": [0.11401162296533585, 0.5063996911048889, 0.769376814365387, 0.9502623081207275, 0.9786533713340759, 0.9834467768669128, 0.9842249155044556, 0.983550488948822, 0.9850971698760986, 0.9875665903091431, 0.9913662672042847, 0.9931326508522034, 0.9940150380134583, 0.9932092428207397, 0.994583010673523, 0.9947329759597778, 0.9945077300071716, 0.9954047799110413, 0.9950385689735413, 0.9943285584449768], "validation_loss_list": [3.198045474712295, 1.6793981385652466, 0.8986215913912865, 0.4717187619100165, 0.24421892122299682, 0.11643801661998485, 0.06623867816512821, 0.06644481290696246, 0.07148521162882315, 0.05425849002274459, 0.06695919485546348, 0.056665817869185106, 0.051069966241784365, 0.050567424993267086, 0.04074197420112511, 0.05181706427148781, 0.053189961582106524, 0.053592285510217844, 0.040629159132632514, 0.038146275184863965], "val_accuracy_list": [0.3834783136844635, 0.697049081325531, 0.8589763641357422, 0.9408813714981079, 0.976050078868866, 0.9829565286636353, 0.9877968430519104, 0.985728919506073, 0.9840207099914551, 0.9880331754684448, 0.9834535121917725, 0.9874833822250366, 0.9886569976806641, 0.9893010258674622, 0.9908495545387268, 0.9892697334289551, 0.9886291027069092, 0.9871115684509277, 0.9908617734909058, 0.9920154809951782], "baseline_loss_list": [4.112907409667969, 4.113894462585449, 4.112653732299805, 4.112571716308594, 4.11125373840332, 4.11331844329834, 4.113274574279785, 4.114086627960205, 4.111381530761719, 4.11530876159668, 4.1122612953186035, 4.110220909118652, 4.113442420959473, 4.114552021026611, 4.114485740661621, 4.112276554107666, 4.110285758972168, 4.1136393547058105, 4.1156439781188965, 4.115469932556152], "val_baseline_accuracy_list": [0.9852381944656372, 0.984250545501709, 0.9854914546012878, 0.9855733513832092, 0.9868921637535095, 0.9848272800445557, 0.9848700761795044, 0.98405921459198, 0.986763060092926, 0.9828363060951233, 0.9858843684196472, 0.9879240393638611, 0.9847027659416199, 0.9835934042930603, 0.9836599230766296, 0.9858697652816772, 0.987858772277832, 0.9845061898231506, 0.9825019240379333, 0.9826750159263611]}