{"train_loss_list": [6.706178267796834, 5.740695880853501, 5.3128907142664845, 5.009870898041259, 4.7576038498937345, 4.614474915628615, 4.411905128814021, 4.262668525329744, 4.118474565371119, 3.992003681282403, 3.865068032150183, 3.745729794673513, 3.7011409056039506, 3.6300176236230786, 3.5754549071176016, 3.5925263321627137, 3.4876932499786015, 3.490848365054789, 3.4688839337105972, 3.4527490144359274, 3.4114633520310442, 3.4227222669806947, 3.364467443172913, 3.330379842507719, 3.328536415207132, 3.3212872403773126, 3.285630631527114, 3.2743794809688223, 3.292288893802399, 3.269283364249935, 3.2529318532023233, 3.2447318526363267, 3.218263057814169, 3.1985755081797556, 3.190483906988878, 3.208811656794564, 3.209777972379785, 3.1794586500067235, 3.1488485080759667, 3.157156239053617, 3.1587318850955044, 3.1489137532868905, 3.1510209314750903, 3.128221871475579, 3.1213005775822, 3.1391117730659803, 3.080633080366886, 3.1070924418676316, 3.1033402944922313, 3.075188693507887, 3.042780499934615, 3.084193451503578, 3.062901810363487, 3.0532329905314075, 3.0425523315482135, 3.059681458906694, 3.048860438209859, 3.05452931194862, 3.052033888437397, 3.0576029039258774, 3.001524480505022, 3.0205662869310004, 2.996673367775383, 2.990725184798107, 3.030807157023052, 2.988484887696811, 3.0109271090707663, 2.969407034375183, 3.0099868663366127, 2.9725813323801216, 2.945678195768735, 2.9642295680864894, 2.989466530372264, 2.962324664916521, 2.9629895410152396, 2.9446080298268567, 2.9571020283415397, 2.954227893307019, 2.966147248993819, 2.9366317755980655, 2.90493390214965, 2.9292678539332853, 2.9189039692199055, 2.9335942097116936, 2.9466995796236795, 2.957427618345695, 2.910969054658806, 2.8975117730371878, 2.9261092274678675, 2.8820666654075167, 2.905887576867434, 2.905627257628607, 2.9003951734163946, 2.871731319745917, 2.904171666914365, 2.8719770976589984, 2.863785153286224, 2.8676819465510905, 2.865684720268421, 2.871350377095669], "train_accuracy_list": [0.05213601142168045, 0.08933466672897339, 0.1445157825946808, 0.17661301791667938, 0.19237272441387177, 0.21228180825710297, 0.23258058726787567, 0.25209924578666687, 0.27236831188201904, 0.2932112216949463, 0.3173927366733551, 0.32940372824668884, 0.3381338119506836, 0.3394349217414856, 0.34997129440307617, 0.3441251218318939, 0.3543824851512909, 0.3491275906562805, 0.3558744788169861, 0.3516410291194916, 0.3588522672653198, 0.3575390577316284, 0.36185652017593384, 0.3616139888763428, 0.35945847630500793, 0.3635097146034241, 0.36079341173171997, 0.36557483673095703, 0.36343684792518616, 0.36653903126716614, 0.3659798502922058, 0.36365458369255066, 0.3656008243560791, 0.36579737067222595, 0.3700824975967407, 0.36825379729270935, 0.36937215924263, 0.3662015199661255, 0.37855687737464905, 0.3731365203857422, 0.37190014123916626, 0.373609334230423, 0.3767968714237213, 0.3765305280685425, 0.378815621137619, 0.3775622844696045, 0.3799913823604584, 0.3792891800403595, 0.37667298316955566, 0.37841102480888367, 0.38262999057769775, 0.3758203685283661, 0.3832082748413086, 0.3820977210998535, 0.38976559042930603, 0.38855472207069397, 0.3798855245113373, 0.3854566812515259, 0.38379818201065063, 0.38231968879699707, 0.386188268661499, 0.38653266429901123, 0.38878023624420166, 0.3914039134979248, 0.3834128975868225, 0.39288008213043213, 0.38798046112060547, 0.4001618027687073, 0.3867068588733673, 0.39611175656318665, 0.3983703553676605, 0.39200082421302795, 0.39142847061157227, 0.39288458228111267, 0.3940097391605377, 0.3999987840652466, 0.39398127794265747, 0.40109682083129883, 0.3980550467967987, 0.39550384879112244, 0.40292590856552124, 0.40165403485298157, 0.39826250076293945, 0.4004085659980774, 0.39493876695632935, 0.39502018690109253, 0.4046591818332672, 0.4033335745334625, 0.40276455879211426, 0.40173962712287903, 0.39855465292930603, 0.40100088715553284, 0.4005380868911743, 0.4036293923854828, 0.40177682042121887, 0.40845787525177, 0.4080982804298401, 0.40634238719940186, 0.4118359088897705, 0.40902844071388245], "validation_loss_list": [6.099399318349176, 5.656194273054291, 5.410493687644523, 5.293356707676705, 5.074637639090187, 4.942945963360485, 4.800107371621799, 4.581521933560544, 4.495430999469263, 4.379782596400364, 4.267145815290935, 4.126275992764093, 4.109343528129894, 4.054319077205164, 4.055915127146429, 3.9985887559584383, 3.9423460169777353, 3.869546881611483, 3.8483706113588005, 3.791954751459428, 3.8116333299350242, 3.7997667900638876, 3.81595630102207, 3.70966418913609, 3.7084208016568514, 3.713034019569041, 3.729591572840597, 3.627611600055596, 3.629462098210587, 3.6996932307673243, 3.6266881851334647, 3.6080308368168965, 3.6028823846362417, 3.6704139048571416, 3.6826083474826317, 3.6347468016678803, 3.5518305338726144, 3.769978257658568, 3.604554280098238, 3.544533096446892, 3.666484555432216, 3.647588799654511, 3.5705846072478615, 3.525634397496831, 3.5921045776475897, 3.5689385987316387, 3.6196723459915794, 3.545502304413158, 3.573916524185418, 3.522911387404012, 3.591816606299247, 3.619532376991035, 3.51876444087745, 3.5224795798563586, 3.6151391212186663, 3.5646073138775605, 3.538846413088586, 3.5530103580939336, 3.5792776494446197, 3.546179405148165, 3.623524152553143, 3.5036163416551185, 3.6002760273187273, 3.560890694356335, 3.5576762720710873, 3.5270451863194996, 3.5361539872816805, 3.5517769496057934, 3.560074657356183, 3.481884333753833, 3.4880097591815216, 3.5193314947612544, 3.5959702810475247, 3.643049561297955, 3.5516064358498767, 3.4893950248629317, 3.5633184273625904, 3.490895309596482, 3.595934129749555, 3.56816079085355, 3.4923968994555694, 3.520342770635773, 3.599994900313066, 3.453388225229293, 3.518454036564407, 3.5456951053649033, 3.5688500410534556, 3.467356644146183, 3.5677212952332176, 3.579455179871673, 3.5019800557991383, 3.5314906582313497, 3.5435732695722826, 3.537094478162459, 3.467423247549818, 3.5168549446244315, 3.493086124331222, 3.548940345413327, 3.5289756726724497, 3.6321472207499292],