{"train_loss_list": [6.638215149089854, 6.095392117449032, 5.721202032027706, 5.612547462217269, 5.7498066656051146, 5.8165959081342145, 6.143456663111205, 6.085635169859855, 5.868635973366358, 5.660280047180832, 5.256244208223077, 4.88938648572532, 4.467658866861815, 4.082957074462726, 3.6687133563462124, 3.250171552165862, 2.885871034027428, 2.60573873366079, 2.4545631434327815, 2.3584139352203697, 2.3398489808523526, 2.3077530804500785, 2.35863355769906, 2.314469812249625, 2.3285099716596704, 2.333828051115877, 2.3227040562578427, 2.3357468084622455, 2.342751641683681, 2.353600714796333, 2.3515346962918517, 2.358497578097928, 2.380755033287951, 2.4160051030497396, 2.3905851538463305, 2.423253063489032, 2.4295743544896444, 2.466180202012421, 2.4461356655243907, 2.508061303887316, 2.5222821866312333, 2.534459922134235, 2.5573123531956825, 2.5860799604846587, 2.5917679284208566, 2.583087504294611, 2.578876451779437, 2.6427486617078064, 2.6531505374498265, 2.6700149977079], "train_accuracy_list": [0.0001303356111748144, 0.0, 0.00109287747181952, 0.0019559485372155905, 0.001707844203338027, 0.0037471726536750793, 0.0026360999327152967, 0.005022341851145029, 0.007110403385013342, 0.0062383138574659824, 0.01912684552371502, 0.04262091964483261, 0.05952680855989456, 0.09484139829874039, 0.12448281049728394, 0.14103752374649048, 0.148362934589386, 0.1524214893579483, 0.15029719471931458, 0.15450821816921234, 0.15543054044246674, 0.1570260375738144, 0.15457271039485931, 0.16060250997543335, 0.15798456966876984, 0.16574741899967194, 0.16530127823352814, 0.1606161743402481, 0.16443434357643127, 0.16357958316802979, 0.1626349836587906, 0.16457919776439667, 0.16658267378807068, 0.16228972375392914, 0.1676393300294876, 0.16213423013687134, 0.16460517048835754, 0.16134783625602722, 0.16430114209651947, 0.15999045968055725, 0.15721343457698822, 0.16228605806827545, 0.1577005237340927, 0.15398551523685455, 0.15647825598716736, 0.1592164933681488, 0.15523278713226318, 0.15708261728286743, 0.15444588661193848, 0.15322811901569366], "validation_loss_list": [6.7439613438615895, 6.899125099182129, 7.047831260796749, 7.131245574565849, 6.941121332573168, 7.044957926779082, 7.03124183115333, 6.548510676682597, 6.353547862081816, 5.8173168741091335, 5.233075428490687, 4.5915715044195, 4.113303598731455, 3.619390757396968, 3.170823142986105, 2.736284109077068, 2.51485960411303, 2.39766317666179, 2.3045959737565784, 2.3322694975920397, 2.3152081508829134, 2.3819052450584643, 2.3713913397355513, 2.3511252439383306, 2.409201904980823, 2.396978604673135, 2.4381392471718066, 2.452857819470492, 2.478974368837145, 2.485459160323095, 2.503315973763514, 2.5114134405598496, 2.6053482823901706, 2.5518977630017985, 2.548406001293298, 2.602730878675827, 2.620809535787563, 2.610934190075807, 2.6364011499616833, 2.6931037637922497, 2.6907507771193377, 2.682260843238445, 2.6982428280994144, 2.6966125242637866, 2.702440856683134, 2.6983911196390786, 2.749084564170452, 2.796577087556473, 2.8209857422896105, 2.7370399417299214], "val_accuracy_list": [0.001820025616325438, 0.0028610278386622667, 0.0014941981062293053, 0.0018130926182493567, 0.00257929228246212, 0.002339287893846631, 0.003669201163575053, 0.009621118195354939, 0.006060927174985409, 0.016524026170372963, 0.03915804252028465, 0.056207410991191864, 0.0900065004825592, 0.12088224291801453, 0.1410418003797531, 0.14653588831424713, 0.15166369080543518, 0.15267477929592133, 0.15474340319633484, 0.15141957998275757, 0.14761367440223694, 0.1576198786497116, 0.1577858179807663, 0.15998367965221405, 0.1644393801689148, 0.16575096547603607, 0.15355367958545685, 0.15873467922210693, 0.1537569910287857, 0.16358809173107147, 0.15476681292057037, 0.1684783548116684, 0.14895987510681152, 0.15864071249961853, 0.15985748171806335, 0.15976400673389435, 0.16321328282356262, 0.16117516160011292, 0.15478938817977905, 0.15763665735721588, 0.15577907860279083, 0.16148419678211212, 0.15842393040657043, 0.1566033810377121, 0.15333637595176697, 0.15709523856639862, 0.15556007623672485, 0.1604316532611847, 0.15186867117881775, 0.15395008027553558], "baseline_loss_list": [6.425325870513916, 6.419604301452637, 6.420393466949463, 6.426887512207031, 6.430971145629883, 6.424798488616943, 6.42350435256958, 6.415228366851807, 6.4222869873046875, 6.421782970428467, 6.421268463134766, 6.422335147857666, 6.424034118652344, 6.417484283447266, 6.431513786315918, 6.418363094329834, 6.425418853759766, 6.426551342010498, 6.417743682861328, 6.418522357940674, 6.4175238609313965, 6.422918796539307, 6.41921329498291, 6.415609359741211, 6.427269458770752, 6.424810886383057, 6.420437335968018, 6.425741195678711, 6.422910213470459, 6.420685291290283, 6.413469314575195, 6.417708396911621, 6.421601295471191, 6.426514148712158, 6.424474239349365, 6.41746187210083, 6.419576168060303, 6.420130252838135, 6.425583362579346, 6.421178340911865, 6.4186577796936035, 6.430047512054443, 6.427841663360596, 6.407429218292236, 6.4209418296813965, 6.412273406982422, 6.422492980957031, 6.423628807067871, 6.4317307472229, 6.419570446014404], "val_baseline_accuracy_list": [0.23232600092887878, 0.2380460500717163, 0.23725831508636475, 0.23076380789279938, 0.2266802191734314, 0.23285219073295593, 0.2341480702161789, 0.24242280423641205, 0.2353636622428894, 0.23586781322956085, 0.23638509213924408, 0.23531576991081238, 0.2336181104183197, 0.240166574716568, 0.22613801062107086, 0.2392873466014862, 0.23223184049129486, 0.23109999299049377, 0.2399095743894577, 0.23912809789180756, 0.24012663960456848, 0.23473115265369415, 0.23843960464000702, 0.24204213917255402, 0.23038247227668762, 0.2328401356935501, 0.2372151017189026, 0.23191045224666595, 0.23474152386188507, 0.23696592450141907, 0.24418191611766815, 0.23994207382202148, 0.23605051636695862, 0.23113811016082764, 0.23317909240722656, 0.24019022285938263, 0.23807474970817566, 0.23752184212207794, 0.23206867277622223, 0.23647288978099823, 0.23899300396442413, 0.22760409116744995, 0.22981151938438416, 0.25022125244140625, 0.23670874536037445, 0.24537856876850128, 0.23515936732292175, 0.2340230792760849, 0.22592078149318695, 0.23807959258556366]}